INSERT INTO duongshoe.attachment (id, product_id, image_link, status, create_date, update_date) VALUES (1, 1, 'https://assets.adidas.com/images/w_840,h_840,f_auto,q_auto:sensitive,fl_lossy/fe6ac888ec744508a1cdab3800bbab41_9366/Giay_Falcon_Mau_trang_FV5091_01_standard.jpg', 1, '2020-05-18 02:30:44', '2020-05-20 15:31:58');
INSERT INTO duongshoe.attachment (id, product_id, image_link, status, create_date, update_date) VALUES (2, 6, 'https://static.nike.com/a/images/t_PDP_864_v1/f_auto,b_rgb:f5f5f5/i1-deb53821-2af3-4a5e-9061-e8768aa156c3/air-jordan-1-low-shoe-6Q1tFM.jpg', 1, '2020-05-18 02:30:44', '2020-05-20 15:31:58');
INSERT INTO duongshoe.attachment (id, product_id, image_link, status, create_date, update_date) VALUES (4, 11, 'https://product.hstatic.net/1000230642/product/02800den__2__f00d5533d44b47ac84212239f93ebac6_1024x1024.jpg', 1, '2020-05-18 02:30:44', '2020-05-20 15:31:58');
INSERT INTO duongshoe.attachment (id, product_id, image_link, status, create_date, update_date) VALUES (5, 3, 'https://assets.adidas.com/images/w_840,h_840,f_auto,q_auto:sensitive,fl_lossy/a4265873dc6b49739ac9aa630086f900_9366/Giay_adidas_Sleek_Mau_trang_DB3258_HM1.jpg', 1, '2020-05-20 15:31:58', '2020-05-20 15:31:58');
INSERT INTO duongshoe.attachment (id, product_id, image_link, status, create_date, update_date) VALUES (6, 4, 'https://assets.adidas.com/images/w_840,h_840,f_auto,q_auto:sensitive,fl_lossy/1ed23c72eb384a0090dfab0b00ac37b4_9366/STAN_SMITH_W_Mau_trang_EF6877_01_standard.jpg', 1, '2020-05-20 15:31:58', '2020-05-20 15:31:58');
INSERT INTO duongshoe.attachment (id, product_id, image_link, status, create_date, update_date) VALUES (7, 5, 'https://assets.adidas.com/images/w_840,h_840,f_auto,q_auto:sensitive,fl_lossy/69a5e68dc0da4b7bb9ceaa3b01038686_9366/Giay_NMD_R1_Mau_xanh_duong_EE6675_01_standard.jpg', 1, '2020-05-20 15:31:58', '2020-05-20 15:31:58');
INSERT INTO duongshoe.attachment (id, product_id, image_link, status, create_date, update_date) VALUES (8, 7, 'https://static.nike.com/a/images/t_PDP_864_v1/f_auto,b_rgb:f5f5f5/8ccaf691-f792-430a-80d7-9bbfe6006d39/air-max-97-shoe-5mvq64.jpg', 1, '2020-05-20 15:31:58', '2020-05-20 15:31:58');
INSERT INTO duongshoe.attachment (id, product_id, image_link, status, create_date, update_date) VALUES (9, 8, 'https://static.nike.com/a/images/t_PDP_864_v1/f_auto,b_rgb:f5f5f5/i1-512bfa8a-01a0-4971-bd34-9cef18a159e0/air-force-1-07-shoe-AKTdww3y.jpg', 1, '2020-05-20 15:31:58', '2020-05-20 15:31:58');
INSERT INTO duongshoe.attachment (id, product_id, image_link, status, create_date, update_date) VALUES (10, 9, 'https://media.gucci.com/style/DarkGray_Center_0_0_800x800/1538553607/552089_A9L00_9522_001_100_0000_Light-Mens-Rhyton-sneaker-with-mouth-print.jpg', 1, '2020-05-20 15:31:58', '2020-05-20 15:31:58');
INSERT INTO duongshoe.attachment (id, product_id, image_link, status, create_date, update_date) VALUES (11, 10, 'https://images.puma.com/image/upload/f_auto,q_auto,b_rgb:fafafa,w_2000,h_2000/global/373119/02/sv01/fnd/PNA/fmt/png/Cali-Sport-Pastel-Women''''s-Sneakers', 1, '2020-05-20 15:31:58', '2020-05-20 15:31:58');
INSERT INTO duongshoe.attachment (id, product_id, image_link, status, create_date, update_date) VALUES (12, 2, 'https://assets.adidas.com/images/w_840,h_840,f_auto,q_auto:sensitive,fl_lossy/36940f1ce93746278c1bab2c014b6d58_9366/ULTRABOOST_20_Mau_djen_FX8886_01_standard.jpg', 1, '2020-05-20 15:31:58', '2020-05-20 15:31:58');
INSERT INTO duongshoe.bill (id, user_id, message, discount, shipping_fee, payment, date_of_payment, status, create_date, update_date) VALUES (1, 3, 'Giao hàng giờ hành chính', null, 30000, '2030000', '2020-05-18 02:54:42', 1, '2020-05-18 01:53:21', '2020-05-19 14:43:22');
INSERT INTO duongshoe.bill (id, user_id, message, discount, shipping_fee, payment, date_of_payment, status, create_date, update_date) VALUES (2, 5, 'Giao hàng ngoài giờ hành chính', null, 30000, '10030000', '2020-05-18 03:54:42', 1, '2020-05-18 01:53:21', '2020-05-19 14:43:22');
INSERT INTO duongshoe.bill (id, user_id, message, discount, shipping_fee, payment, date_of_payment, status, create_date, update_date) VALUES (3, 4, 'Giao hàng ngoài giờ hành chính', null, 30000, '880000', '2020-05-18 04:54:42', 1, '2020-05-18 01:53:21', '2020-05-19 14:43:22');
INSERT INTO duongshoe.bill (id, user_id, message, discount, shipping_fee, payment, date_of_payment, status, create_date, update_date) VALUES (4, 2, 'Giao hàng giờ hành chính', null, 0, '1800000', '2020-05-18 02:54:42', 1, '2020-05-18 01:53:21', '2020-05-19 14:43:22');
INSERT INTO duongshoe.bill (id, user_id, message, discount, shipping_fee, payment, date_of_payment, status, create_date, update_date) VALUES (5, 3, 'Giao hàng giờ hành chính', null, 0, '850000', '2020-05-18 02:54:42', 1, '2020-05-18 01:53:21', '2020-05-19 14:43:22');
INSERT INTO duongshoe.bill (id, user_id, message, discount, shipping_fee, payment, date_of_payment, status, create_date, update_date) VALUES (6, 3, 'Giao hàng ngoài giờ hành chính', null, 0, '850000', '2020-05-18 03:54:42', 1, '2020-05-18 01:53:21', '2020-05-19 14:43:22');
INSERT INTO duongshoe.bill (id, user_id, message, discount, shipping_fee, payment, date_of_payment, status, create_date, update_date) VALUES (7, 4, 'Giao hàng ngoài giờ hành chính', null, 30000, '2030000', '2020-05-18 03:54:42', 1, '2020-05-18 01:53:21', '2020-05-19 14:43:22');
INSERT INTO duongshoe.bill (id, user_id, message, discount, shipping_fee, payment, date_of_payment, status, create_date, update_date) VALUES (8, 5, 'Giao hàng ngoài giờ hành chính', null, 30000, '4430000', '2020-05-18 04:54:42', 1, '2020-05-18 01:53:21', '2020-05-19 14:43:22');
INSERT INTO duongshoe.bill (id, user_id, message, discount, shipping_fee, payment, date_of_payment, status, create_date, update_date) VALUES (9, 1, 'Giao hàng ngoài giờ hành chính', null, 0, '4400000', '2020-05-18 04:54:42', 1, '2020-05-18 01:53:21', '2020-05-19 14:41:00');
INSERT INTO duongshoe.bill (id, user_id, message, discount, shipping_fee, payment, date_of_payment, status, create_date, update_date) VALUES (10, 2, 'Giao hàng ngoài giờ hành chính', null, 0, '20000000', '2020-05-18 04:54:42', 1, '2020-05-18 01:53:21', '2020-05-19 14:43:22');
INSERT INTO duongshoe.bill_details (id, bill_id, product_detail_id, quantity, price, create_date, update_date) VALUES (1, 1, 3, 2, 2000000, '2020-05-18 01:59:29', '2020-05-19 14:50:58');
INSERT INTO duongshoe.bill_details (id, bill_id, product_detail_id, quantity, price, create_date, update_date) VALUES (2, 2, 5, 1, 10000000, '2020-05-18 01:59:29', '2020-05-19 14:59:53');
INSERT INTO duongshoe.bill_details (id, bill_id, product_detail_id, quantity, price, create_date, update_date) VALUES (3, 3, 6, 2, 850000, '2020-05-18 01:59:29', '2020-05-19 15:05:23');
INSERT INTO duongshoe.bill_details (id, bill_id, product_detail_id, quantity, price, create_date, update_date) VALUES (4, 4, 1, 1, 1800000, '2020-05-18 01:59:29', '2020-05-19 14:59:53');
INSERT INTO duongshoe.bill_details (id, bill_id, product_detail_id, quantity, price, create_date, update_date) VALUES (5, 5, 2, 2, 850000, '2020-05-18 01:59:29', '2020-05-19 15:05:23');
INSERT INTO duongshoe.bill_details (id, bill_id, product_detail_id, quantity, price, create_date, update_date) VALUES (6, 6, 3, 1, 850000, '2020-05-18 01:59:29', '2020-05-19 14:26:33');
INSERT INTO duongshoe.bill_details (id, bill_id, product_detail_id, quantity, price, create_date, update_date) VALUES (7, 7, 5, 1, 2000000, '2020-05-18 01:59:29', '2020-05-19 14:59:53');
INSERT INTO duongshoe.bill_details (id, bill_id, product_detail_id, quantity, price, create_date, update_date) VALUES (8, 8, 3, 2, 4400000, '2020-05-18 01:59:29', '2020-05-19 14:50:58');
INSERT INTO duongshoe.bill_details (id, bill_id, product_detail_id, quantity, price, create_date, update_date) VALUES (9, 9, 3, 1, 4400000, '2020-05-18 01:59:29', '2020-05-19 14:26:34');
INSERT INTO duongshoe.bill_details (id, bill_id, product_detail_id, quantity, price, create_date, update_date) VALUES (10, 10, 3, 2, 20000000, '2020-05-18 01:59:29', '2020-05-19 14:26:34');
INSERT INTO duongshoe.catalog (id, catalog_code, name, description, status, create_date, update_date) VALUES (1, 1, 'ADIDAS', 'Các sản phẩm đến từ hãng Adidas', 1, '2020-05-16 14:24:26', '2020-05-16 14:24:26');
INSERT INTO duongshoe.catalog (id, catalog_code, name, description, status, create_date, update_date) VALUES (2, 2, 'NIKE', 'Các sản phẩm đến từ hãng Nike', 1, '2020-05-16 14:24:26', '2020-05-16 14:24:26');
INSERT INTO duongshoe.catalog (id, catalog_code, name, description, status, create_date, update_date) VALUES (3, 3, 'GUCCI', 'Các sản phẩm đến từ hãng Gucci', 1, '2020-05-16 14:24:26', '2020-05-16 14:24:26');
INSERT INTO duongshoe.catalog (id, catalog_code, name, description, status, create_date, update_date) VALUES (4, 4, 'PUMA', 'Các sản phẩm đến từ hãng Puma', 1, '2020-05-16 14:24:26', '2020-05-16 14:24:26');
INSERT INTO duongshoe.catalog (id, catalog_code, name, description, status, create_date, update_date) VALUES (5, 5, 'BITIS', 'Các sản phẩm đến từ hãng Biti''s', 1, '2020-05-16 14:24:26', '2020-05-16 14:24:26');
INSERT INTO duongshoe.catalog (id, catalog_code, name, description, status, create_date, update_date) VALUES (6, 6, 'VANS', 'Các sản phẩm đến từ hãng Vans', 0, '2020-05-16 14:24:26', '2020-05-16 14:24:26');
INSERT INTO duongshoe.import (id, product_detail_id, product_code, bid, import_date, status, created_date, update_date) VALUES (1, 25, '293141416', 1800000, '2015-11-03 11:43:33', 1, '2020-05-19 15:55:15', '2020-05-19 15:55:15');
INSERT INTO duongshoe.import (id, product_detail_id, product_code, bid, import_date, status, created_date, update_date) VALUES (2, 7, '683211105', 1200000, '2013-02-09 19:20:19', 1, '2020-05-19 15:55:15', '2020-05-19 15:55:15');
INSERT INTO duongshoe.import (id, product_detail_id, product_code, bid, import_date, status, created_date, update_date) VALUES (3, 6, '188918664', 1300000, '2010-09-23 10:30:21', 1, '2020-05-19 15:55:15', '2020-05-19 15:55:15');
INSERT INTO duongshoe.import (id, product_detail_id, product_code, bid, import_date, status, created_date, update_date) VALUES (4, 22, '750958409', 2000000, '2018-01-28 19:10:36', 1, '2020-05-19 15:55:15', '2020-05-19 15:55:15');
INSERT INTO duongshoe.import (id, product_detail_id, product_code, bid, import_date, status, created_date, update_date) VALUES (5, 24, '400278880', 1200000, '2017-01-09 19:30:24', 1, '2020-05-19 15:55:15', '2020-05-19 15:55:15');
INSERT INTO duongshoe.import (id, product_detail_id, product_code, bid, import_date, status, created_date, update_date) VALUES (6, 7, '828830554', 1400000, '2013-01-22 14:33:11', 1, '2020-05-19 15:55:15', '2020-05-19 15:55:15');
INSERT INTO duongshoe.import (id, product_detail_id, product_code, bid, import_date, status, created_date, update_date) VALUES (7, 36, '643310781', 1700000, '2012-05-20 11:14:48', 1, '2020-05-19 15:55:15', '2020-05-19 15:55:15');
INSERT INTO duongshoe.import (id, product_detail_id, product_code, bid, import_date, status, created_date, update_date) VALUES (8, 29, '829237205', 1400000, '2010-01-15 11:44:33', 1, '2020-05-19 15:55:15', '2020-05-19 15:55:15');
INSERT INTO duongshoe.import (id, product_detail_id, product_code, bid, import_date, status, created_date, update_date) VALUES (9, 9, '250634609', 1400000, '2015-04-02 18:30:21', 1, '2020-05-19 15:55:15', '2020-05-19 15:55:15');
INSERT INTO duongshoe.import (id, product_detail_id, product_code, bid, import_date, status, created_date, update_date) VALUES (10, 4, '877762910', 1700000, '2019-03-02 19:14:11', 1, '2020-05-19 15:55:15', '2020-05-19 15:55:15');
INSERT INTO duongshoe.import (id, product_detail_id, product_code, bid, import_date, status, created_date, update_date) VALUES (11, 26, '248395795', 1200000, '2017-02-14 13:21:47', 1, '2020-05-19 15:55:15', '2020-05-19 15:55:15');
INSERT INTO duongshoe.import (id, product_detail_id, product_code, bid, import_date, status, created_date, update_date) VALUES (12, 30, '668865581', 1400000, '2019-11-07 12:38:36', 1, '2020-05-19 15:55:15', '2020-05-19 15:55:15');
INSERT INTO duongshoe.import (id, product_detail_id, product_code, bid, import_date, status, created_date, update_date) VALUES (13, 41, '523120666', 1300000, '2010-06-22 12:31:41', 1, '2020-05-19 15:55:15', '2020-05-19 15:55:15');
INSERT INTO duongshoe.import (id, product_detail_id, product_code, bid, import_date, status, created_date, update_date) VALUES (14, 30, '661409763', 1700000, '2019-05-21 11:20:20', 1, '2020-05-19 15:55:15', '2020-05-19 15:55:15');
INSERT INTO duongshoe.import (id, product_detail_id, product_code, bid, import_date, status, created_date, update_date) VALUES (15, 42, '427096867', 1400000, '2013-02-01 15:34:40', 1, '2020-05-19 15:55:15', '2020-05-19 15:55:15');
INSERT INTO duongshoe.import (id, product_detail_id, product_code, bid, import_date, status, created_date, update_date) VALUES (16, 6, '906250086', 1200000, '2013-07-24 10:39:36', 1, '2020-05-19 15:55:15', '2020-05-19 15:55:15');
INSERT INTO duongshoe.import (id, product_detail_id, product_code, bid, import_date, status, created_date, update_date) VALUES (17, 5, '560843936', 1200000, '2018-11-24 19:25:20', 1, '2020-05-19 15:55:15', '2020-05-19 15:55:15');
INSERT INTO duongshoe.import (id, product_detail_id, product_code, bid, import_date, status, created_date, update_date) VALUES (18, 30, '148502769', 1300000, '2014-11-20 11:33:20', 1, '2020-05-19 15:55:15', '2020-05-19 15:55:15');
INSERT INTO duongshoe.import (id, product_detail_id, product_code, bid, import_date, status, created_date, update_date) VALUES (19, 16, '782034236', 2000000, '2013-10-05 10:25:22', 1, '2020-05-19 15:55:15', '2020-05-19 15:55:15');
INSERT INTO duongshoe.import (id, product_detail_id, product_code, bid, import_date, status, created_date, update_date) VALUES (20, 40, '183896854', 1500000, '2010-08-24 18:26:24', 1, '2020-05-19 15:55:15', '2020-05-19 15:55:15');
INSERT INTO duongshoe.import (id, product_detail_id, product_code, bid, import_date, status, created_date, update_date) VALUES (21, 23, '270196252', 1700000, '2016-09-04 16:16:32', 1, '2020-05-19 15:55:15', '2020-05-19 15:55:15');
INSERT INTO duongshoe.import (id, product_detail_id, product_code, bid, import_date, status, created_date, update_date) VALUES (22, 12, '822126938', 2000000, '2018-06-16 14:35:20', 1, '2020-05-19 15:55:15', '2020-05-19 15:55:15');
INSERT INTO duongshoe.import (id, product_detail_id, product_code, bid, import_date, status, created_date, update_date) VALUES (23, 15, '631463417', 1700000, '2019-03-02 12:35:31', 1, '2020-05-19 15:55:15', '2020-05-19 15:55:15');
INSERT INTO duongshoe.import (id, product_detail_id, product_code, bid, import_date, status, created_date, update_date) VALUES (24, 28, '664823138', 1800000, '2019-09-06 16:43:32', 1, '2020-05-19 15:55:15', '2020-05-19 15:55:15');
INSERT INTO duongshoe.import (id, product_detail_id, product_code, bid, import_date, status, created_date, update_date) VALUES (25, 40, '612020616', 1400000, '2014-05-25 19:13:23', 1, '2020-05-19 15:55:15', '2020-05-19 15:55:15');
INSERT INTO duongshoe.import (id, product_detail_id, product_code, bid, import_date, status, created_date, update_date) VALUES (26, 24, '422502303', 1800000, '2013-07-09 10:31:21', 1, '2020-05-19 15:55:15', '2020-05-19 15:55:15');
INSERT INTO duongshoe.import (id, product_detail_id, product_code, bid, import_date, status, created_date, update_date) VALUES (27, 19, '417890886', 1700000, '2015-07-12 11:29:47', 1, '2020-05-19 15:55:15', '2020-05-19 15:55:15');
INSERT INTO duongshoe.import (id, product_detail_id, product_code, bid, import_date, status, created_date, update_date) VALUES (28, 27, '619639728', 2000000, '2012-02-13 19:46:17', 1, '2020-05-19 15:55:15', '2020-05-19 15:55:15');
INSERT INTO duongshoe.import (id, product_detail_id, product_code, bid, import_date, status, created_date, update_date) VALUES (29, 35, '749203441', 1500000, '2014-09-19 19:41:18', 1, '2020-05-19 15:55:15', '2020-05-19 15:55:15');
INSERT INTO duongshoe.import (id, product_detail_id, product_code, bid, import_date, status, created_date, update_date) VALUES (30, 9, '245014631', 1700000, '2016-08-13 19:44:21', 1, '2020-05-19 15:55:15', '2020-05-19 15:55:15');
INSERT INTO duongshoe.import (id, product_detail_id, product_code, bid, import_date, status, created_date, update_date) VALUES (31, 29, '789710991', 1600000, '2010-09-01 13:24:11', 1, '2020-05-19 15:55:15', '2020-05-19 15:55:15');
INSERT INTO duongshoe.import (id, product_detail_id, product_code, bid, import_date, status, created_date, update_date) VALUES (32, 41, '948727794', 1300000, '2016-05-18 17:20:45', 1, '2020-05-19 15:55:15', '2020-05-19 15:55:15');
INSERT INTO duongshoe.import (id, product_detail_id, product_code, bid, import_date, status, created_date, update_date) VALUES (33, 38, '698412475', 1100000, '2012-06-25 12:43:42', 1, '2020-05-19 15:55:15', '2020-05-19 15:55:15');
INSERT INTO duongshoe.import (id, product_detail_id, product_code, bid, import_date, status, created_date, update_date) VALUES (34, 27, '295616633', 1800000, '2015-08-25 16:18:14', 1, '2020-05-19 15:55:15', '2020-05-19 15:55:15');
INSERT INTO duongshoe.import (id, product_detail_id, product_code, bid, import_date, status, created_date, update_date) VALUES (35, 23, '503291700', 1300000, '2014-10-06 10:18:36', 1, '2020-05-19 15:55:15', '2020-05-19 15:55:15');
INSERT INTO duongshoe.import (id, product_detail_id, product_code, bid, import_date, status, created_date, update_date) VALUES (36, 9, '172486476', 1300000, '2014-01-27 12:14:17', 1, '2020-05-19 15:55:15', '2020-05-19 15:55:15');
INSERT INTO duongshoe.import (id, product_detail_id, product_code, bid, import_date, status, created_date, update_date) VALUES (37, 29, '965094606', 1500000, '2015-09-03 11:16:38', 1, '2020-05-19 15:55:15', '2020-05-19 15:55:15');
INSERT INTO duongshoe.import (id, product_detail_id, product_code, bid, import_date, status, created_date, update_date) VALUES (38, 9, '520541231', 1700000, '2012-05-02 16:13:25', 1, '2020-05-19 15:55:15', '2020-05-19 15:55:15');
INSERT INTO duongshoe.import (id, product_detail_id, product_code, bid, import_date, status, created_date, update_date) VALUES (39, 38, '377749972', 2000000, '2015-04-24 16:15:20', 1, '2020-05-19 15:55:15', '2020-05-19 15:55:15');
INSERT INTO duongshoe.import (id, product_detail_id, product_code, bid, import_date, status, created_date, update_date) VALUES (40, 15, '460122596', 1500000, '2010-02-03 16:36:10', 1, '2020-05-19 15:55:15', '2020-05-19 15:55:15');
INSERT INTO duongshoe.import (id, product_detail_id, product_code, bid, import_date, status, created_date, update_date) VALUES (41, 41, '439334402', 1900000, '2016-08-11 12:47:33', 1, '2020-05-19 15:55:15', '2020-05-19 15:55:15');
INSERT INTO duongshoe.import (id, product_detail_id, product_code, bid, import_date, status, created_date, update_date) VALUES (42, 20, '870260175', 1300000, '2018-05-24 13:18:33', 1, '2020-05-19 15:55:15', '2020-05-19 15:55:15');
INSERT INTO duongshoe.import (id, product_detail_id, product_code, bid, import_date, status, created_date, update_date) VALUES (43, 17, '733401322', 1400000, '2010-06-17 11:44:25', 1, '2020-05-19 15:55:15', '2020-05-19 15:55:15');
INSERT INTO duongshoe.import (id, product_detail_id, product_code, bid, import_date, status, created_date, update_date) VALUES (44, 40, '956480167', 2000000, '2014-06-01 10:31:47', 1, '2020-05-19 15:55:15', '2020-05-19 15:55:15');
INSERT INTO duongshoe.import (id, product_detail_id, product_code, bid, import_date, status, created_date, update_date) VALUES (45, 17, '482804640', 1800000, '2014-05-11 17:31:24', 1, '2020-05-19 15:55:15', '2020-05-19 15:55:15');
INSERT INTO duongshoe.import (id, product_detail_id, product_code, bid, import_date, status, created_date, update_date) VALUES (46, 27, '556925915', 1500000, '2015-09-14 11:24:21', 1, '2020-05-19 15:55:15', '2020-05-19 15:55:15');
INSERT INTO duongshoe.import (id, product_detail_id, product_code, bid, import_date, status, created_date, update_date) VALUES (47, 38, '481117118', 1800000, '2013-01-22 10:42:49', 1, '2020-05-19 15:55:15', '2020-05-19 15:55:15');
INSERT INTO duongshoe.import (id, product_detail_id, product_code, bid, import_date, status, created_date, update_date) VALUES (48, 2, '436286141', 1900000, '2010-07-08 10:18:17', 1, '2020-05-19 15:55:15', '2020-05-19 15:55:15');
INSERT INTO duongshoe.import (id, product_detail_id, product_code, bid, import_date, status, created_date, update_date) VALUES (49, 20, '624196648', 1500000, '2010-06-16 12:10:49', 1, '2020-05-19 15:55:15', '2020-05-19 15:55:15');
INSERT INTO duongshoe.import (id, product_detail_id, product_code, bid, import_date, status, created_date, update_date) VALUES (50, 13, '284714111', 1200000, '2015-11-28 15:28:14', 1, '2020-05-19 15:55:15', '2020-05-19 15:55:15');
INSERT INTO duongshoe.import (id, product_detail_id, product_code, bid, import_date, status, created_date, update_date) VALUES (51, 9, '581658224', 1400000, '2013-08-20 16:45:34', 1, '2020-05-19 15:55:15', '2020-05-19 15:55:15');
INSERT INTO duongshoe.import (id, product_detail_id, product_code, bid, import_date, status, created_date, update_date) VALUES (52, 14, '135207858', 1600000, '2012-06-11 16:12:49', 1, '2020-05-19 15:55:15', '2020-05-19 15:55:15');
INSERT INTO duongshoe.import (id, product_detail_id, product_code, bid, import_date, status, created_date, update_date) VALUES (53, 13, '123865760', 1400000, '2019-09-03 11:25:15', 1, '2020-05-19 15:55:15', '2020-05-19 15:55:15');
INSERT INTO duongshoe.import (id, product_detail_id, product_code, bid, import_date, status, created_date, update_date) VALUES (54, 34, '648590731', 1500000, '2012-10-04 19:46:22', 1, '2020-05-19 15:55:15', '2020-05-19 15:55:15');
INSERT INTO duongshoe.import (id, product_detail_id, product_code, bid, import_date, status, created_date, update_date) VALUES (55, 26, '648799536', 1800000, '2012-05-01 18:23:30', 1, '2020-05-19 15:55:15', '2020-05-19 15:55:15');
INSERT INTO duongshoe.import (id, product_detail_id, product_code, bid, import_date, status, created_date, update_date) VALUES (56, 3, '812012338', 1500000, '2013-02-11 17:20:12', 1, '2020-05-19 15:55:15', '2020-05-19 15:55:15');
INSERT INTO duongshoe.import (id, product_detail_id, product_code, bid, import_date, status, created_date, update_date) VALUES (57, 9, '825469615', 1600000, '2015-10-06 12:26:17', 1, '2020-05-19 15:55:15', '2020-05-19 15:55:15');
INSERT INTO duongshoe.import (id, product_detail_id, product_code, bid, import_date, status, created_date, update_date) VALUES (58, 21, '809746737', 1900000, '2015-02-12 11:29:22', 1, '2020-05-19 15:55:15', '2020-05-19 15:55:15');
INSERT INTO duongshoe.import (id, product_detail_id, product_code, bid, import_date, status, created_date, update_date) VALUES (59, 26, '846703060', 1900000, '2011-03-20 15:47:48', 1, '2020-05-19 15:55:15', '2020-05-19 15:55:15');
INSERT INTO duongshoe.import (id, product_detail_id, product_code, bid, import_date, status, created_date, update_date) VALUES (60, 3, '228012127', 1100000, '2012-08-07 15:16:25', 1, '2020-05-19 15:55:15', '2020-05-19 15:55:15');
INSERT INTO duongshoe.import (id, product_detail_id, product_code, bid, import_date, status, created_date, update_date) VALUES (61, 4, '910251486', 1400000, '2018-05-03 11:29:21', 1, '2020-05-19 15:55:15', '2020-05-19 15:55:15');
INSERT INTO duongshoe.import (id, product_detail_id, product_code, bid, import_date, status, created_date, update_date) VALUES (62, 27, '475568752', 1100000, '2010-06-15 16:37:25', 1, '2020-05-19 15:55:15', '2020-05-19 15:55:15');
INSERT INTO duongshoe.import (id, product_detail_id, product_code, bid, import_date, status, created_date, update_date) VALUES (63, 12, '480019119', 1400000, '2013-06-26 16:11:25', 1, '2020-05-19 15:55:15', '2020-05-19 15:55:15');
INSERT INTO duongshoe.import (id, product_detail_id, product_code, bid, import_date, status, created_date, update_date) VALUES (64, 11, '353631772', 1500000, '2018-08-20 19:37:31', 1, '2020-05-19 15:55:15', '2020-05-19 15:55:15');
INSERT INTO duongshoe.import (id, product_detail_id, product_code, bid, import_date, status, created_date, update_date) VALUES (65, 29, '570287238', 1800000, '2016-06-18 17:15:49', 1, '2020-05-19 15:55:15', '2020-05-19 15:55:15');
INSERT INTO duongshoe.import (id, product_detail_id, product_code, bid, import_date, status, created_date, update_date) VALUES (66, 11, '547498502', 1200000, '2012-09-08 10:40:21', 1, '2020-05-19 15:55:15', '2020-05-19 15:55:15');
INSERT INTO duongshoe.import (id, product_detail_id, product_code, bid, import_date, status, created_date, update_date) VALUES (67, 21, '283347054', 2000000, '2013-01-14 16:45:21', 1, '2020-05-19 15:55:15', '2020-05-19 15:55:15');
INSERT INTO duongshoe.import (id, product_detail_id, product_code, bid, import_date, status, created_date, update_date) VALUES (68, 11, '926129085', 1600000, '2018-07-10 19:38:14', 1, '2020-05-19 15:55:15', '2020-05-19 15:55:15');
INSERT INTO duongshoe.import (id, product_detail_id, product_code, bid, import_date, status, created_date, update_date) VALUES (69, 11, '680564744', 1900000, '2015-02-26 17:21:38', 1, '2020-05-19 15:55:15', '2020-05-19 15:55:15');
INSERT INTO duongshoe.import (id, product_detail_id, product_code, bid, import_date, status, created_date, update_date) VALUES (70, 4, '367354166', 1800000, '2017-04-22 17:22:45', 1, '2020-05-19 15:55:15', '2020-05-19 15:55:15');
INSERT INTO duongshoe.import (id, product_detail_id, product_code, bid, import_date, status, created_date, update_date) VALUES (71, 25, '190906574', 1600000, '2018-03-12 16:35:17', 1, '2020-05-19 15:55:15', '2020-05-19 15:55:15');
INSERT INTO duongshoe.import (id, product_detail_id, product_code, bid, import_date, status, created_date, update_date) VALUES (72, 24, '604395821', 1600000, '2014-03-18 17:39:30', 1, '2020-05-19 15:55:15', '2020-05-19 15:55:15');
INSERT INTO duongshoe.import (id, product_detail_id, product_code, bid, import_date, status, created_date, update_date) VALUES (73, 31, '843123046', 1400000, '2015-04-26 15:17:20', 1, '2020-05-19 15:55:15', '2020-05-19 15:55:15');
INSERT INTO duongshoe.import (id, product_detail_id, product_code, bid, import_date, status, created_date, update_date) VALUES (74, 23, '151590967', 1100000, '2016-08-20 18:28:16', 1, '2020-05-19 15:55:15', '2020-05-19 15:55:15');
INSERT INTO duongshoe.import (id, product_detail_id, product_code, bid, import_date, status, created_date, update_date) VALUES (75, 29, '461939909', 1300000, '2017-04-05 12:12:43', 1, '2020-05-19 15:55:15', '2020-05-19 15:55:15');
INSERT INTO duongshoe.import (id, product_detail_id, product_code, bid, import_date, status, created_date, update_date) VALUES (76, 31, '711384405', 1600000, '2013-11-12 10:46:13', 1, '2020-05-19 15:55:15', '2020-05-19 15:55:15');
INSERT INTO duongshoe.import (id, product_detail_id, product_code, bid, import_date, status, created_date, update_date) VALUES (77, 4, '288743072', 1400000, '2018-11-24 10:11:36', 1, '2020-05-19 15:55:15', '2020-05-19 15:55:15');
INSERT INTO duongshoe.import (id, product_detail_id, product_code, bid, import_date, status, created_date, update_date) VALUES (78, 15, '158318171', 1500000, '2010-08-13 13:20:12', 1, '2020-05-19 15:55:15', '2020-05-19 15:55:15');
INSERT INTO duongshoe.import (id, product_detail_id, product_code, bid, import_date, status, created_date, update_date) VALUES (79, 7, '618355850', 1700000, '2017-02-04 19:47:23', 1, '2020-05-19 15:55:15', '2020-05-19 15:55:15');
INSERT INTO duongshoe.import (id, product_detail_id, product_code, bid, import_date, status, created_date, update_date) VALUES (80, 42, '471210424', 1200000, '2014-09-28 11:34:34', 1, '2020-05-19 15:55:15', '2020-05-19 15:55:15');
INSERT INTO duongshoe.import (id, product_detail_id, product_code, bid, import_date, status, created_date, update_date) VALUES (81, 24, '581929105', 1100000, '2011-10-03 10:22:31', 1, '2020-05-19 15:55:15', '2020-05-19 15:55:15');
INSERT INTO duongshoe.import (id, product_detail_id, product_code, bid, import_date, status, created_date, update_date) VALUES (82, 1, '412057163', 1000000, '2018-07-02 13:47:30', 1, '2020-05-19 15:55:15', '2020-05-19 15:55:15');
INSERT INTO duongshoe.import (id, product_detail_id, product_code, bid, import_date, status, created_date, update_date) VALUES (83, 2, '933454665', 1700000, '2017-05-14 15:34:11', 1, '2020-05-19 15:55:15', '2020-05-19 15:55:15');
INSERT INTO duongshoe.import (id, product_detail_id, product_code, bid, import_date, status, created_date, update_date) VALUES (84, 16, '463322858', 1200000, '2013-06-22 13:25:28', 1, '2020-05-19 15:55:15', '2020-05-19 15:55:15');
INSERT INTO duongshoe.import (id, product_detail_id, product_code, bid, import_date, status, created_date, update_date) VALUES (85, 3, '607803703', 1400000, '2017-08-01 17:41:36', 1, '2020-05-19 15:55:15', '2020-05-19 15:55:15');
INSERT INTO duongshoe.import (id, product_detail_id, product_code, bid, import_date, status, created_date, update_date) VALUES (86, 17, '869559201', 1300000, '2016-06-06 10:29:36', 1, '2020-05-19 15:55:15', '2020-05-19 15:55:15');
INSERT INTO duongshoe.import (id, product_detail_id, product_code, bid, import_date, status, created_date, update_date) VALUES (87, 40, '203169485', 1000000, '2014-07-26 16:30:17', 1, '2020-05-19 15:55:15', '2020-05-19 15:55:15');
INSERT INTO duongshoe.import (id, product_detail_id, product_code, bid, import_date, status, created_date, update_date) VALUES (88, 25, '597758414', 2000000, '2015-07-19 18:10:22', 1, '2020-05-19 15:55:15', '2020-05-19 15:55:15');
INSERT INTO duongshoe.import (id, product_detail_id, product_code, bid, import_date, status, created_date, update_date) VALUES (89, 3, '784916432', 1800000, '2010-01-12 13:20:21', 1, '2020-05-19 15:55:15', '2020-05-19 15:55:15');
INSERT INTO duongshoe.import (id, product_detail_id, product_code, bid, import_date, status, created_date, update_date) VALUES (90, 40, '919359296', 1500000, '2011-04-03 15:12:21', 1, '2020-05-19 15:55:15', '2020-05-19 15:55:15');
INSERT INTO duongshoe.import (id, product_detail_id, product_code, bid, import_date, status, created_date, update_date) VALUES (91, 40, '865499054', 1300000, '2019-01-26 15:35:14', 1, '2020-05-19 15:55:15', '2020-05-19 15:55:15');
INSERT INTO duongshoe.import (id, product_detail_id, product_code, bid, import_date, status, created_date, update_date) VALUES (92, 35, '379780844', 1900000, '2011-10-08 16:26:12', 1, '2020-05-19 15:55:15', '2020-05-19 15:55:15');
INSERT INTO duongshoe.import (id, product_detail_id, product_code, bid, import_date, status, created_date, update_date) VALUES (93, 38, '874278317', 1500000, '2019-10-18 14:29:15', 1, '2020-05-19 15:55:15', '2020-05-19 15:55:15');
INSERT INTO duongshoe.import (id, product_detail_id, product_code, bid, import_date, status, created_date, update_date) VALUES (94, 13, '534612258', 1700000, '2019-05-20 15:44:28', 1, '2020-05-19 15:55:15', '2020-05-19 15:55:15');
INSERT INTO duongshoe.import (id, product_detail_id, product_code, bid, import_date, status, created_date, update_date) VALUES (95, 8, '875523262', 1100000, '2017-10-23 17:38:23', 1, '2020-05-19 15:55:15', '2020-05-19 15:55:15');
INSERT INTO duongshoe.import (id, product_detail_id, product_code, bid, import_date, status, created_date, update_date) VALUES (96, 28, '138226099', 1900000, '2011-02-27 12:46:12', 1, '2020-05-19 15:55:15', '2020-05-19 15:55:15');
INSERT INTO duongshoe.import (id, product_detail_id, product_code, bid, import_date, status, created_date, update_date) VALUES (97, 30, '555698167', 1100000, '2015-05-26 13:12:20', 1, '2020-05-19 15:55:15', '2020-05-19 15:55:15');
INSERT INTO duongshoe.import (id, product_detail_id, product_code, bid, import_date, status, created_date, update_date) VALUES (98, 10, '855865176', 1200000, '2011-10-27 12:35:43', 1, '2020-05-19 15:55:15', '2020-05-19 15:55:15');
INSERT INTO duongshoe.import (id, product_detail_id, product_code, bid, import_date, status, created_date, update_date) VALUES (99, 15, '188380854', 1500000, '2016-07-11 11:42:28', 1, '2020-05-19 15:55:15', '2020-05-19 15:55:15');
INSERT INTO duongshoe.import (id, product_detail_id, product_code, bid, import_date, status, created_date, update_date) VALUES (100, 37, '162714377', 1600000, '2019-04-04 10:28:13', 1, '2020-05-19 15:55:15', '2020-05-19 15:55:15');
INSERT INTO duongshoe.import (id, product_detail_id, product_code, bid, import_date, status, created_date, update_date) VALUES (101, 19, '189695045', 1700000, '2014-02-23 14:49:17', 1, '2020-05-19 15:55:15', '2020-05-19 15:55:15');
INSERT INTO duongshoe.import (id, product_detail_id, product_code, bid, import_date, status, created_date, update_date) VALUES (102, 38, '124562972', 1500000, '2012-03-21 10:49:11', 1, '2020-05-19 15:55:15', '2020-05-19 15:55:15');
INSERT INTO duongshoe.import (id, product_detail_id, product_code, bid, import_date, status, created_date, update_date) VALUES (103, 7, '541058795', 1600000, '2016-07-19 14:20:30', 1, '2020-05-19 15:55:15', '2020-05-19 15:55:15');
INSERT INTO duongshoe.import (id, product_detail_id, product_code, bid, import_date, status, created_date, update_date) VALUES (104, 29, '919303668', 1000000, '2013-11-25 15:38:47', 1, '2020-05-19 15:55:15', '2020-05-19 15:55:15');
INSERT INTO duongshoe.import (id, product_detail_id, product_code, bid, import_date, status, created_date, update_date) VALUES (105, 18, '394753699', 1300000, '2012-10-24 14:47:34', 1, '2020-05-19 15:55:15', '2020-05-19 15:55:15');
INSERT INTO duongshoe.import (id, product_detail_id, product_code, bid, import_date, status, created_date, update_date) VALUES (106, 33, '200566317', 1200000, '2019-03-15 13:15:11', 1, '2020-05-19 15:55:15', '2020-05-19 15:55:15');
INSERT INTO duongshoe.import (id, product_detail_id, product_code, bid, import_date, status, created_date, update_date) VALUES (107, 6, '587620458', 1400000, '2015-04-03 15:15:44', 1, '2020-05-19 15:55:15', '2020-05-19 15:55:15');
INSERT INTO duongshoe.import (id, product_detail_id, product_code, bid, import_date, status, created_date, update_date) VALUES (108, 32, '376986518', 1100000, '2016-02-11 18:37:38', 1, '2020-05-19 15:55:15', '2020-05-19 15:55:15');
INSERT INTO duongshoe.import (id, product_detail_id, product_code, bid, import_date, status, created_date, update_date) VALUES (109, 38, '942062638', 2000000, '2012-05-12 10:20:34', 1, '2020-05-19 15:55:15', '2020-05-19 15:55:15');
INSERT INTO duongshoe.import (id, product_detail_id, product_code, bid, import_date, status, created_date, update_date) VALUES (110, 7, '113267105', 1600000, '2018-04-04 10:25:36', 1, '2020-05-19 15:55:15', '2020-05-19 15:55:15');
INSERT INTO duongshoe.import (id, product_detail_id, product_code, bid, import_date, status, created_date, update_date) VALUES (111, 19, '791682666', 1900000, '2019-08-15 10:34:24', 1, '2020-05-19 15:55:15', '2020-05-19 15:55:15');
INSERT INTO duongshoe.import (id, product_detail_id, product_code, bid, import_date, status, created_date, update_date) VALUES (112, 8, '664969870', 1600000, '2012-01-06 16:15:25', 1, '2020-05-19 15:55:15', '2020-05-19 15:55:15');
INSERT INTO duongshoe.import (id, product_detail_id, product_code, bid, import_date, status, created_date, update_date) VALUES (113, 15, '350353740', 1100000, '2014-01-08 17:22:33', 1, '2020-05-19 15:55:15', '2020-05-19 15:55:15');
INSERT INTO duongshoe.import (id, product_detail_id, product_code, bid, import_date, status, created_date, update_date) VALUES (114, 35, '345768490', 1400000, '2015-03-28 13:29:25', 1, '2020-05-19 15:55:15', '2020-05-19 15:55:15');
INSERT INTO duongshoe.import (id, product_detail_id, product_code, bid, import_date, status, created_date, update_date) VALUES (115, 10, '608089742', 1600000, '2011-07-20 14:36:45', 1, '2020-05-19 15:55:15', '2020-05-19 15:55:15');
INSERT INTO duongshoe.import (id, product_detail_id, product_code, bid, import_date, status, created_date, update_date) VALUES (116, 39, '224290353', 1400000, '2010-04-16 11:33:15', 1, '2020-05-19 15:55:15', '2020-05-19 15:55:15');
INSERT INTO duongshoe.import (id, product_detail_id, product_code, bid, import_date, status, created_date, update_date) VALUES (117, 29, '923729128', 1300000, '2019-08-13 17:38:39', 1, '2020-05-19 15:55:15', '2020-05-19 15:55:15');
INSERT INTO duongshoe.import (id, product_detail_id, product_code, bid, import_date, status, created_date, update_date) VALUES (118, 26, '878437849', 1800000, '2014-01-03 18:32:12', 1, '2020-05-19 15:55:15', '2020-05-19 15:55:15');
INSERT INTO duongshoe.import (id, product_detail_id, product_code, bid, import_date, status, created_date, update_date) VALUES (119, 32, '759989862', 1100000, '2018-01-19 18:17:21', 1, '2020-05-19 15:55:15', '2020-05-19 15:55:15');
INSERT INTO duongshoe.import (id, product_detail_id, product_code, bid, import_date, status, created_date, update_date) VALUES (120, 27, '776843976', 1400000, '2012-07-09 16:18:24', 1, '2020-05-19 15:55:15', '2020-05-19 15:55:15');
INSERT INTO duongshoe.import (id, product_detail_id, product_code, bid, import_date, status, created_date, update_date) VALUES (121, 22, '499387905', 1200000, '2017-09-26 15:27:40', 1, '2020-05-19 15:55:15', '2020-05-19 15:55:15');
INSERT INTO duongshoe.import (id, product_detail_id, product_code, bid, import_date, status, created_date, update_date) VALUES (122, 4, '900286447', 1000000, '2018-05-01 12:49:39', 1, '2020-05-19 15:55:15', '2020-05-19 15:55:15');
INSERT INTO duongshoe.import (id, product_detail_id, product_code, bid, import_date, status, created_date, update_date) VALUES (123, 32, '869668374', 1900000, '2014-08-27 18:23:18', 1, '2020-05-19 15:55:15', '2020-05-19 15:55:15');
INSERT INTO duongshoe.import (id, product_detail_id, product_code, bid, import_date, status, created_date, update_date) VALUES (124, 10, '801046946', 1200000, '2012-05-05 13:43:28', 1, '2020-05-19 15:55:15', '2020-05-19 15:55:15');
INSERT INTO duongshoe.import (id, product_detail_id, product_code, bid, import_date, status, created_date, update_date) VALUES (125, 10, '366632932', 1800000, '2010-07-24 11:17:47', 1, '2020-05-19 15:55:15', '2020-05-19 15:55:15');
INSERT INTO duongshoe.import (id, product_detail_id, product_code, bid, import_date, status, created_date, update_date) VALUES (126, 39, '822550048', 1400000, '2017-07-12 14:38:25', 1, '2020-05-19 15:55:15', '2020-05-19 15:55:15');
INSERT INTO duongshoe.import (id, product_detail_id, product_code, bid, import_date, status, created_date, update_date) VALUES (127, 11, '890230261', 1400000, '2017-01-06 13:29:17', 1, '2020-05-19 15:55:15', '2020-05-19 15:55:15');
INSERT INTO duongshoe.import (id, product_detail_id, product_code, bid, import_date, status, created_date, update_date) VALUES (128, 36, '285155488', 1300000, '2010-09-15 10:35:16', 1, '2020-05-19 15:55:15', '2020-05-19 15:55:15');
INSERT INTO duongshoe.import (id, product_detail_id, product_code, bid, import_date, status, created_date, update_date) VALUES (129, 7, '593456002', 1300000, '2013-07-14 16:28:29', 1, '2020-05-19 15:55:15', '2020-05-19 15:55:15');
INSERT INTO duongshoe.import (id, product_detail_id, product_code, bid, import_date, status, created_date, update_date) VALUES (130, 26, '629416029', 1900000, '2017-10-05 10:41:22', 1, '2020-05-19 15:55:15', '2020-05-19 15:55:15');
INSERT INTO duongshoe.import (id, product_detail_id, product_code, bid, import_date, status, created_date, update_date) VALUES (131, 23, '604069699', 1200000, '2014-11-13 18:46:30', 1, '2020-05-19 15:55:15', '2020-05-19 15:55:15');
INSERT INTO duongshoe.import (id, product_detail_id, product_code, bid, import_date, status, created_date, update_date) VALUES (132, 31, '831155005', 1500000, '2014-04-23 12:39:33', 1, '2020-05-19 15:55:15', '2020-05-19 15:55:15');
INSERT INTO duongshoe.import (id, product_detail_id, product_code, bid, import_date, status, created_date, update_date) VALUES (133, 33, '817466086', 1900000, '2019-02-10 10:32:27', 1, '2020-05-19 15:55:15', '2020-05-19 15:55:15');
INSERT INTO duongshoe.import (id, product_detail_id, product_code, bid, import_date, status, created_date, update_date) VALUES (134, 25, '764944612', 1900000, '2012-11-07 19:49:16', 1, '2020-05-19 15:55:15', '2020-05-19 15:55:15');
INSERT INTO duongshoe.import (id, product_detail_id, product_code, bid, import_date, status, created_date, update_date) VALUES (135, 21, '808987786', 1900000, '2016-06-18 12:35:43', 1, '2020-05-19 15:55:15', '2020-05-19 15:55:15');
INSERT INTO duongshoe.import (id, product_detail_id, product_code, bid, import_date, status, created_date, update_date) VALUES (136, 3, '857524850', 1100000, '2018-01-01 17:38:23', 1, '2020-05-19 15:55:15', '2020-05-19 15:55:15');
INSERT INTO duongshoe.import (id, product_detail_id, product_code, bid, import_date, status, created_date, update_date) VALUES (137, 21, '442268267', 1200000, '2012-02-27 10:21:18', 1, '2020-05-19 15:55:15', '2020-05-19 15:55:15');
INSERT INTO duongshoe.import (id, product_detail_id, product_code, bid, import_date, status, created_date, update_date) VALUES (138, 5, '206381369', 1200000, '2017-10-11 10:24:44', 1, '2020-05-19 15:55:15', '2020-05-19 15:55:15');
INSERT INTO duongshoe.import (id, product_detail_id, product_code, bid, import_date, status, created_date, update_date) VALUES (139, 27, '648524973', 1900000, '2013-11-11 17:10:18', 1, '2020-05-19 15:55:15', '2020-05-19 15:55:15');
INSERT INTO duongshoe.import (id, product_detail_id, product_code, bid, import_date, status, created_date, update_date) VALUES (140, 12, '231458174', 1100000, '2018-09-01 19:27:31', 1, '2020-05-19 15:55:15', '2020-05-19 15:55:15');
INSERT INTO duongshoe.import (id, product_detail_id, product_code, bid, import_date, status, created_date, update_date) VALUES (141, 42, '832688354', 1200000, '2015-10-28 14:32:22', 1, '2020-05-19 15:55:15', '2020-05-19 15:55:15');
INSERT INTO duongshoe.import (id, product_detail_id, product_code, bid, import_date, status, created_date, update_date) VALUES (142, 35, '680086359', 1200000, '2019-03-14 14:35:36', 1, '2020-05-19 15:55:15', '2020-05-19 15:55:15');
INSERT INTO duongshoe.import (id, product_detail_id, product_code, bid, import_date, status, created_date, update_date) VALUES (143, 1, '866848726', 1900000, '2017-11-14 12:27:12', 1, '2020-05-19 15:55:15', '2020-05-19 15:55:15');
INSERT INTO duongshoe.import (id, product_detail_id, product_code, bid, import_date, status, created_date, update_date) VALUES (144, 28, '491971029', 1800000, '2012-02-07 17:18:21', 1, '2020-05-19 15:55:16', '2020-05-19 15:55:16');
INSERT INTO duongshoe.import (id, product_detail_id, product_code, bid, import_date, status, created_date, update_date) VALUES (145, 14, '770554954', 1000000, '2018-08-25 11:10:19', 1, '2020-05-19 15:55:16', '2020-05-19 15:55:16');
INSERT INTO duongshoe.import (id, product_detail_id, product_code, bid, import_date, status, created_date, update_date) VALUES (146, 20, '203791479', 1300000, '2014-11-03 16:28:38', 1, '2020-05-19 15:55:16', '2020-05-19 15:55:16');
INSERT INTO duongshoe.import (id, product_detail_id, product_code, bid, import_date, status, created_date, update_date) VALUES (147, 4, '487934510', 1600000, '2019-10-07 16:24:30', 1, '2020-05-19 15:55:16', '2020-05-19 15:55:16');
INSERT INTO duongshoe.import (id, product_detail_id, product_code, bid, import_date, status, created_date, update_date) VALUES (148, 35, '225619388', 1200000, '2019-09-21 14:13:33', 1, '2020-05-19 15:55:16', '2020-05-19 15:55:16');
INSERT INTO duongshoe.import (id, product_detail_id, product_code, bid, import_date, status, created_date, update_date) VALUES (149, 12, '467273921', 1900000, '2014-08-23 19:31:35', 1, '2020-05-19 15:55:16', '2020-05-19 15:55:16');
INSERT INTO duongshoe.product (id, catalog_id, product_name, description, status, create_date, update_date) VALUES (1, 1, 'Giày Falcon', 'Đôi giày adidas Falcon này mang cảm hứng thập niên 90, hồi tưởng lại thời kỳ lên ngôi của áo crop top và quần ống rộng.', 1, '2020-05-16 13:50:30', '2020-05-19 14:35:52');
INSERT INTO duongshoe.product (id, catalog_id, product_name, description, status, create_date, update_date) VALUES (2, 1, 'ULTRABOOST 20', 'ULTRABOOST luôn là dòng giày thể thao được ưa chuộng nhất vì sự êm ái vượt trội cùng nhiều phối màu hấp dẫn.', 1, '2020-05-16 13:50:30', '2020-05-19 14:35:52');
INSERT INTO duongshoe.product (id, catalog_id, product_name, description, status, create_date, update_date) VALUES (3, 1, 'Giày ADIDAS SLEEK SUPER', 'Mềm mại, mượt mà và cũng chính là chất liệu làm nên đôi giày adidas Sleek Super này. Đế ngoài kiểu platform còn cho bạn thêm chút lợi thế chiều cao.', 1, '2020-05-16 13:50:30', '2020-05-19 14:35:52');
INSERT INTO duongshoe.product (id, catalog_id, product_name, description, status, create_date, update_date) VALUES (4, 1, 'STAN SMITH', 'Basic là phong cách của bạn? Stand Smith sẽ là sự lựa chọn tuyệt vời đấy!', 1, '2020-05-16 13:50:30', '2020-05-19 14:35:52');
INSERT INTO duongshoe.product (id, catalog_id, product_name, description, status, create_date, update_date) VALUES (5, 1, 'NMD_R1', 'Tôn vinh phong cách đường phố cấp tiến. Dòng sản phẩm NMD kết hợp giữa phong cách đua xe hoài cổ với kiểu dáng tinh giản.', 1, '2020-05-16 13:50:30', '2020-05-19 14:35:52');
INSERT INTO duongshoe.product (id, catalog_id, product_name, description, status, create_date, update_date) VALUES (6, 2, 'Air Jordan 1 Low', 'Đôi giày được tạo ra phù hợp với mọi phong cách, thiết kế mang tính biểu tượng và không bao giờ lỗi mốt.', 1, '2020-05-16 13:50:30', '2020-05-19 14:35:52');
INSERT INTO duongshoe.product (id, catalog_id, product_name, description, status, create_date, update_date) VALUES (7, 2, 'Nike Air Max 97', 'Nike Air Max 97 được nâng tầm thiết kế cổ điển với lớp ngoài màu Vàng ánh kim. ', 1, '2020-05-16 13:50:30', '2020-05-19 14:35:52');
INSERT INTO duongshoe.product (id, catalog_id, product_name, description, status, create_date, update_date) VALUES (8, 2, 'Nike Air Force 1', 'Một đôi giày trắng là phụ kiện hoàn hảo không thế thiếu trong tủ đồ của các tín đồ thời trang.', 1, '2020-05-16 13:50:30', '2020-05-19 14:35:52');
INSERT INTO duongshoe.product (id, catalog_id, product_name, description, status, create_date, update_date) VALUES (9, 3, 'Gucci sneaker with mouth print', 'Đôi giày lấy cảm hứng từ những ban nhạc rock. Được thiết kế với đế dày và mang phong cách chunky.', 1, '2020-05-16 13:50:30', '2020-05-19 14:35:52');
INSERT INTO duongshoe.product (id, catalog_id, product_name, description, status, create_date, update_date) VALUES (10, 4, 'Puma Cali Sport Pastel', 'Phiên bản màu Pastel mơ mộng này là phiên bản cải tiến mới nhất của PUMA, với phần đế giữa cao hơn, xếp chồng lên nhau và màu sắc tươi mới.', 1, '2020-05-16 13:50:30', '2020-05-19 14:35:52');
INSERT INTO duongshoe.product (id, catalog_id, product_name, description, status, create_date, update_date) VALUES (11, 5, 'Biti''s Hunter', 'Dòng giày thể thao cao cấp mới nhất đến từ thương hiệu Biti''s.', 1, '2020-05-16 13:50:30', '2020-05-19 14:35:52');
INSERT INTO duongshoe.product_detail (id, product_id, size_id, create_date, update_date, status) VALUES (1, 1, 3, '2020-05-19 14:50:15', '2020-05-19 14:50:15', 1);
INSERT INTO duongshoe.product_detail (id, product_id, size_id, create_date, update_date, status) VALUES (2, 1, 4, '2020-05-19 14:50:15', '2020-05-19 14:50:15', 1);
INSERT INTO duongshoe.product_detail (id, product_id, size_id, create_date, update_date, status) VALUES (3, 1, 5, '2020-05-19 14:50:15', '2020-05-19 14:50:15', 1);
INSERT INTO duongshoe.product_detail (id, product_id, size_id, create_date, update_date, status) VALUES (4, 1, 6, '2020-05-19 14:50:15', '2020-05-19 14:50:15', 1);
INSERT INTO duongshoe.product_detail (id, product_id, size_id, create_date, update_date, status) VALUES (5, 1, 8, '2020-05-19 14:53:39', '2020-05-19 14:53:39', 1);
INSERT INTO duongshoe.product_detail (id, product_id, size_id, create_date, update_date, status) VALUES (6, 2, 2, '2020-05-19 14:53:39', '2020-05-19 14:53:39', 1);
INSERT INTO duongshoe.product_detail (id, product_id, size_id, create_date, update_date, status) VALUES (7, 2, 3, '2020-05-19 14:53:39', '2020-05-19 14:53:39', 1);
INSERT INTO duongshoe.product_detail (id, product_id, size_id, create_date, update_date, status) VALUES (8, 2, 4, '2020-05-19 14:53:39', '2020-05-19 14:53:39', 1);
INSERT INTO duongshoe.product_detail (id, product_id, size_id, create_date, update_date, status) VALUES (9, 2, 5, '2020-05-19 14:53:39', '2020-05-19 14:53:39', 1);
INSERT INTO duongshoe.product_detail (id, product_id, size_id, create_date, update_date, status) VALUES (10, 2, 1, '2020-05-19 14:53:39', '2020-05-19 14:53:39', 1);
INSERT INTO duongshoe.product_detail (id, product_id, size_id, create_date, update_date, status) VALUES (11, 3, 5, '2020-05-19 14:53:39', '2020-05-19 14:53:39', 1);
INSERT INTO duongshoe.product_detail (id, product_id, size_id, create_date, update_date, status) VALUES (12, 3, 6, '2020-05-19 14:53:39', '2020-05-19 14:53:39', 1);
INSERT INTO duongshoe.product_detail (id, product_id, size_id, create_date, update_date, status) VALUES (13, 3, 7, '2020-05-19 14:53:39', '2020-05-19 14:53:39', 1);
INSERT INTO duongshoe.product_detail (id, product_id, size_id, create_date, update_date, status) VALUES (14, 4, 1, '2020-05-19 14:54:50', '2020-05-19 14:54:50', 1);
INSERT INTO duongshoe.product_detail (id, product_id, size_id, create_date, update_date, status) VALUES (15, 4, 2, '2020-05-19 14:54:50', '2020-05-19 14:54:50', 1);
INSERT INTO duongshoe.product_detail (id, product_id, size_id, create_date, update_date, status) VALUES (16, 4, 3, '2020-05-19 14:54:50', '2020-05-19 14:54:50', 1);
INSERT INTO duongshoe.product_detail (id, product_id, size_id, create_date, update_date, status) VALUES (17, 4, 4, '2020-05-19 14:54:50', '2020-05-19 14:54:50', 1);
INSERT INTO duongshoe.product_detail (id, product_id, size_id, create_date, update_date, status) VALUES (18, 4, 5, '2020-05-19 14:54:50', '2020-05-19 14:54:50', 1);
INSERT INTO duongshoe.product_detail (id, product_id, size_id, create_date, update_date, status) VALUES (19, 4, 6, '2020-05-19 14:54:50', '2020-05-19 16:52:05', 0);
INSERT INTO duongshoe.product_detail (id, product_id, size_id, create_date, update_date, status) VALUES (20, 5, 5, '2020-05-19 14:54:50', '2020-05-19 14:54:50', 1);
INSERT INTO duongshoe.product_detail (id, product_id, size_id, create_date, update_date, status) VALUES (21, 5, 6, '2020-05-19 14:55:21', '2020-05-19 16:52:05', 0);
INSERT INTO duongshoe.product_detail (id, product_id, size_id, create_date, update_date, status) VALUES (22, 5, 7, '2020-05-19 14:55:21', '2020-05-19 14:55:21', 1);
INSERT INTO duongshoe.product_detail (id, product_id, size_id, create_date, update_date, status) VALUES (23, 5, 8, '2020-05-19 14:55:21', '2020-05-19 14:55:21', 1);
INSERT INTO duongshoe.product_detail (id, product_id, size_id, create_date, update_date, status) VALUES (24, 6, 1, '2020-05-19 14:55:21', '2020-05-19 14:55:21', 1);
INSERT INTO duongshoe.product_detail (id, product_id, size_id, create_date, update_date, status) VALUES (25, 6, 2, '2020-05-19 14:55:21', '2020-05-19 14:55:21', 1);
INSERT INTO duongshoe.product_detail (id, product_id, size_id, create_date, update_date, status) VALUES (26, 6, 3, '2020-05-19 14:55:21', '2020-05-19 14:55:21', 1);
INSERT INTO duongshoe.product_detail (id, product_id, size_id, create_date, update_date, status) VALUES (27, 6, 4, '2020-05-19 14:55:21', '2020-05-19 16:52:05', 0);
INSERT INTO duongshoe.product_detail (id, product_id, size_id, create_date, update_date, status) VALUES (28, 6, 5, '2020-05-19 14:55:21', '2020-05-19 14:55:21', 1);
INSERT INTO duongshoe.product_detail (id, product_id, size_id, create_date, update_date, status) VALUES (29, 7, 4, '2020-05-19 14:56:06', '2020-05-19 14:56:06', 1);
INSERT INTO duongshoe.product_detail (id, product_id, size_id, create_date, update_date, status) VALUES (30, 7, 5, '2020-05-19 14:56:06', '2020-05-19 14:56:06', 1);
INSERT INTO duongshoe.product_detail (id, product_id, size_id, create_date, update_date, status) VALUES (31, 7, 6, '2020-05-19 14:56:06', '2020-05-19 16:52:05', 0);
INSERT INTO duongshoe.product_detail (id, product_id, size_id, create_date, update_date, status) VALUES (32, 7, 7, '2020-05-19 14:56:06', '2020-05-19 14:56:06', 1);
INSERT INTO duongshoe.product_detail (id, product_id, size_id, create_date, update_date, status) VALUES (33, 8, 1, '2020-05-19 14:56:06', '2020-05-19 14:56:06', 1);
INSERT INTO duongshoe.product_detail (id, product_id, size_id, create_date, update_date, status) VALUES (34, 8, 3, '2020-05-19 14:56:06', '2020-05-19 16:52:05', 0);
INSERT INTO duongshoe.product_detail (id, product_id, size_id, create_date, update_date, status) VALUES (35, 8, 5, '2020-05-19 14:56:06', '2020-05-19 14:56:06', 1);
INSERT INTO duongshoe.product_detail (id, product_id, size_id, create_date, update_date, status) VALUES (36, 8, 4, '2020-05-19 14:56:06', '2020-05-19 14:56:06', 1);
INSERT INTO duongshoe.product_detail (id, product_id, size_id, create_date, update_date, status) VALUES (37, 9, 1, '2020-05-19 14:56:06', '2020-05-19 14:56:06', 1);
INSERT INTO duongshoe.product_detail (id, product_id, size_id, create_date, update_date, status) VALUES (38, 9, 3, '2020-05-19 14:56:06', '2020-05-19 14:56:06', 1);
INSERT INTO duongshoe.product_detail (id, product_id, size_id, create_date, update_date, status) VALUES (39, 9, 2, '2020-05-19 14:56:42', '2020-05-19 14:56:42', 1);
INSERT INTO duongshoe.product_detail (id, product_id, size_id, create_date, update_date, status) VALUES (40, 9, 4, '2020-05-19 14:56:42', '2020-05-22 15:15:10', 1);
INSERT INTO duongshoe.product_detail (id, product_id, size_id, create_date, update_date, status) VALUES (41, 10, 1, '2020-05-19 14:56:42', '2020-05-19 14:56:42', 1);
INSERT INTO duongshoe.product_detail (id, product_id, size_id, create_date, update_date, status) VALUES (42, 10, 3, '2020-05-19 14:56:43', '2020-05-19 14:56:43', 1);
INSERT INTO duongshoe.product_detail (id, product_id, size_id, create_date, update_date, status) VALUES (43, 10, 6, '2020-05-19 14:56:43', '2020-05-19 14:56:43', 1);
INSERT INTO duongshoe.product_detail (id, product_id, size_id, create_date, update_date, status) VALUES (44, 11, 1, '2020-05-19 14:56:43', '2020-05-19 14:56:43', 1);
INSERT INTO duongshoe.product_detail (id, product_id, size_id, create_date, update_date, status) VALUES (45, 11, 2, '2020-05-19 14:56:43', '2020-05-19 14:56:43', 1);
INSERT INTO duongshoe.product_detail (id, product_id, size_id, create_date, update_date, status) VALUES (46, 11, 3, '2020-05-19 14:56:43', '2020-05-19 14:56:43', 1);
INSERT INTO duongshoe.product_detail (id, product_id, size_id, create_date, update_date, status) VALUES (47, 11, 4, '2020-05-19 14:56:43', '2020-05-19 14:56:43', 1);
INSERT INTO duongshoe.product_detail (id, product_id, size_id, create_date, update_date, status) VALUES (48, 11, 5, '2020-05-19 14:56:43', '2020-05-19 14:56:43', 1);
INSERT INTO duongshoe.role (id, role_name, status, create_date, update_date) VALUES (1, 'User', 0, '2020-05-17 16:36:01', '2020-05-17 16:36:01');
INSERT INTO duongshoe.role (id, role_name, status, create_date, update_date) VALUES (2, 'Admin', 1, '2020-05-17 16:36:01', '2020-05-17 16:36:01');
INSERT INTO duongshoe.role (id, role_name, status, create_date, update_date) VALUES (3, 'VIP 1', 2, '2020-05-17 16:36:01', '2020-05-17 16:36:01');
INSERT INTO duongshoe.sale (id, product_id, price, status, created_date, update_date) VALUES (1, 7, 2800000, 1, '2012-06-09 18:16:33', '2020-05-20 16:11:22');
INSERT INTO duongshoe.sale (id, product_id, price, status, created_date, update_date) VALUES (2, 8, 2600000, 1, '2012-06-03 13:12:27', '2020-05-20 16:11:22');
INSERT INTO duongshoe.sale (id, product_id, price, status, created_date, update_date) VALUES (3, 8, 2800000, 1, '2016-11-03 14:39:46', '2020-05-20 16:11:22');
INSERT INTO duongshoe.sale (id, product_id, price, status, created_date, update_date) VALUES (4, 2, 2700000, 1, '2016-09-21 14:30:49', '2020-05-20 16:11:22');
INSERT INTO duongshoe.sale (id, product_id, price, status, created_date, update_date) VALUES (5, 5, 2600000, 1, '2010-03-23 18:18:46', '2020-05-20 16:11:22');
INSERT INTO duongshoe.sale (id, product_id, price, status, created_date, update_date) VALUES (6, 10, 2200000, 1, '2017-06-01 12:18:18', '2020-05-20 16:11:22');
INSERT INTO duongshoe.sale (id, product_id, price, status, created_date, update_date) VALUES (7, 6, 2900000, 1, '2010-11-18 16:13:13', '2020-05-20 16:11:22');
INSERT INTO duongshoe.sale (id, product_id, price, status, created_date, update_date) VALUES (8, 2, 2900000, 1, '2015-05-03 11:13:38', '2020-05-20 16:11:22');
INSERT INTO duongshoe.sale (id, product_id, price, status, created_date, update_date) VALUES (9, 3, 2400000, 1, '2011-03-11 18:49:18', '2020-05-20 16:11:22');
INSERT INTO duongshoe.sale (id, product_id, price, status, created_date, update_date) VALUES (10, 6, 3000000, 1, '2017-11-19 10:36:49', '2020-05-20 16:11:22');
INSERT INTO duongshoe.sale (id, product_id, price, status, created_date, update_date) VALUES (11, 5, 2300000, 1, '2011-06-24 13:20:10', '2020-05-20 16:11:22');
INSERT INTO duongshoe.sale (id, product_id, price, status, created_date, update_date) VALUES (12, 6, 2100000, 1, '2017-07-01 10:13:29', '2020-05-20 16:11:22');
INSERT INTO duongshoe.sale (id, product_id, price, status, created_date, update_date) VALUES (13, 10, 2600000, 1, '2018-03-16 12:28:47', '2020-05-20 16:11:22');
INSERT INTO duongshoe.sale (id, product_id, price, status, created_date, update_date) VALUES (14, 7, 2000000, 1, '2014-11-27 16:18:17', '2020-05-20 16:11:22');
INSERT INTO duongshoe.sale (id, product_id, price, status, created_date, update_date) VALUES (15, 8, 2100000, 1, '2019-03-28 18:12:39', '2020-05-20 16:11:22');
INSERT INTO duongshoe.sale (id, product_id, price, status, created_date, update_date) VALUES (16, 4, 2500000, 1, '2017-08-01 13:15:15', '2020-05-20 16:11:22');
INSERT INTO duongshoe.sale (id, product_id, price, status, created_date, update_date) VALUES (17, 4, 2400000, 1, '2018-06-21 19:14:42', '2020-05-20 16:11:22');
INSERT INTO duongshoe.sale (id, product_id, price, status, created_date, update_date) VALUES (18, 1, 2500000, 1, '2018-02-10 19:48:40', '2020-05-20 16:11:22');
INSERT INTO duongshoe.sale (id, product_id, price, status, created_date, update_date) VALUES (19, 8, 2700000, 1, '2012-05-05 14:14:43', '2020-05-20 16:11:22');
INSERT INTO duongshoe.sale (id, product_id, price, status, created_date, update_date) VALUES (20, 7, 2400000, 1, '2017-07-15 17:44:29', '2020-05-20 16:11:22');
INSERT INTO duongshoe.sale (id, product_id, price, status, created_date, update_date) VALUES (21, 6, 2500000, 1, '2016-09-21 19:11:36', '2020-05-20 16:11:22');
INSERT INTO duongshoe.sale (id, product_id, price, status, created_date, update_date) VALUES (22, 7, 2700000, 1, '2018-05-09 17:43:48', '2020-05-20 16:11:22');
INSERT INTO duongshoe.sale (id, product_id, price, status, created_date, update_date) VALUES (23, 9, 2600000, 1, '2014-10-05 17:35:33', '2020-05-20 16:11:22');
INSERT INTO duongshoe.sale (id, product_id, price, status, created_date, update_date) VALUES (24, 9, 2700000, 1, '2010-06-18 19:37:27', '2020-05-20 16:11:22');
INSERT INTO duongshoe.sale (id, product_id, price, status, created_date, update_date) VALUES (25, 3, 2600000, 1, '2015-09-10 15:42:43', '2020-05-20 16:11:22');
INSERT INTO duongshoe.sale (id, product_id, price, status, created_date, update_date) VALUES (26, 3, 2600000, 1, '2011-05-15 16:42:37', '2020-05-20 16:11:22');
INSERT INTO duongshoe.sale (id, product_id, price, status, created_date, update_date) VALUES (27, 1, 2100000, 1, '2014-03-17 16:19:20', '2020-05-20 16:11:22');
INSERT INTO duongshoe.sale (id, product_id, price, status, created_date, update_date) VALUES (28, 2, 2500000, 1, '2011-03-24 15:32:25', '2020-05-20 16:11:22');
INSERT INTO duongshoe.sale (id, product_id, price, status, created_date, update_date) VALUES (29, 7, 2400000, 1, '2019-04-23 13:40:30', '2020-05-20 16:11:22');
INSERT INTO duongshoe.sale (id, product_id, price, status, created_date, update_date) VALUES (30, 5, 2600000, 1, '2013-06-28 19:41:34', '2020-05-20 16:11:22');
INSERT INTO duongshoe.sale (id, product_id, price, status, created_date, update_date) VALUES (31, 2, 2500000, 1, '2016-05-04 12:40:48', '2020-05-20 16:11:22');
INSERT INTO duongshoe.sale (id, product_id, price, status, created_date, update_date) VALUES (32, 4, 2800000, 1, '2012-11-05 16:38:38', '2020-05-20 16:11:22');
INSERT INTO duongshoe.sale (id, product_id, price, status, created_date, update_date) VALUES (33, 9, 2300000, 1, '2018-05-07 12:44:38', '2020-05-20 16:11:22');
INSERT INTO duongshoe.sale (id, product_id, price, status, created_date, update_date) VALUES (34, 5, 2400000, 1, '2018-06-25 12:24:32', '2020-05-20 16:11:22');
INSERT INTO duongshoe.sale (id, product_id, price, status, created_date, update_date) VALUES (35, 5, 2500000, 1, '2013-09-22 13:38:12', '2020-05-20 16:11:22');
INSERT INTO duongshoe.sale (id, product_id, price, status, created_date, update_date) VALUES (36, 3, 3000000, 1, '2016-04-03 14:41:25', '2020-05-20 16:11:22');
INSERT INTO duongshoe.sale (id, product_id, price, status, created_date, update_date) VALUES (37, 2, 2800000, 1, '2015-02-03 18:44:34', '2020-05-20 16:11:22');
INSERT INTO duongshoe.sale (id, product_id, price, status, created_date, update_date) VALUES (38, 2, 2700000, 1, '2015-08-17 11:11:20', '2020-05-20 16:11:22');
INSERT INTO duongshoe.sale (id, product_id, price, status, created_date, update_date) VALUES (39, 3, 2900000, 1, '2019-01-13 16:32:27', '2020-05-20 16:11:22');
INSERT INTO duongshoe.sale (id, product_id, price, status, created_date, update_date) VALUES (40, 1, 2300000, 1, '2012-03-01 17:11:28', '2020-05-20 16:11:22');
INSERT INTO duongshoe.sale (id, product_id, price, status, created_date, update_date) VALUES (41, 8, 2900000, 1, '2017-04-07 14:42:42', '2020-05-20 16:11:22');
INSERT INTO duongshoe.sale (id, product_id, price, status, created_date, update_date) VALUES (42, 7, 2300000, 1, '2014-03-28 14:33:28', '2020-05-20 16:11:22');
INSERT INTO duongshoe.sale (id, product_id, price, status, created_date, update_date) VALUES (43, 1, 2500000, 1, '2019-03-03 11:34:48', '2020-05-20 16:11:22');
INSERT INTO duongshoe.sale (id, product_id, price, status, created_date, update_date) VALUES (44, 9, 2200000, 1, '2011-10-28 12:49:22', '2020-05-20 16:11:22');
INSERT INTO duongshoe.sale (id, product_id, price, status, created_date, update_date) VALUES (45, 4, 2300000, 1, '2014-06-05 12:19:13', '2020-05-20 16:11:22');
INSERT INTO duongshoe.sale (id, product_id, price, status, created_date, update_date) VALUES (46, 9, 2700000, 1, '2017-10-24 14:47:45', '2020-05-20 16:11:22');
INSERT INTO duongshoe.sale (id, product_id, price, status, created_date, update_date) VALUES (47, 1, 2600000, 1, '2016-07-27 10:14:25', '2020-05-20 16:11:22');
INSERT INTO duongshoe.sale (id, product_id, price, status, created_date, update_date) VALUES (48, 10, 2500000, 1, '2013-08-16 12:13:29', '2020-05-20 16:11:22');
INSERT INTO duongshoe.sale (id, product_id, price, status, created_date, update_date) VALUES (49, 6, 2600000, 1, '2010-07-02 18:22:22', '2020-05-20 16:11:22');
INSERT INTO duongshoe.sale (id, product_id, price, status, created_date, update_date) VALUES (50, 6, 2500000, 1, '2015-10-04 19:39:35', '2020-05-20 16:11:22');
INSERT INTO duongshoe.sale (id, product_id, price, status, created_date, update_date) VALUES (51, 10, 2200000, 1, '2015-04-25 10:21:44', '2020-05-20 16:11:22');
INSERT INTO duongshoe.sale (id, product_id, price, status, created_date, update_date) VALUES (52, 3, 2300000, 1, '2014-05-13 16:10:22', '2020-05-20 16:11:22');
INSERT INTO duongshoe.sale (id, product_id, price, status, created_date, update_date) VALUES (53, 1, 2900000, 1, '2016-04-23 10:45:16', '2020-05-20 16:11:22');
INSERT INTO duongshoe.sale (id, product_id, price, status, created_date, update_date) VALUES (54, 4, 2200000, 1, '2017-10-06 17:41:21', '2020-05-20 16:11:22');
INSERT INTO duongshoe.sale (id, product_id, price, status, created_date, update_date) VALUES (55, 5, 2900000, 1, '2019-10-20 15:44:14', '2020-05-20 16:11:22');
INSERT INTO duongshoe.sale (id, product_id, price, status, created_date, update_date) VALUES (56, 4, 3000000, 1, '2010-08-19 19:26:18', '2020-05-20 16:11:22');
INSERT INTO duongshoe.sale (id, product_id, price, status, created_date, update_date) VALUES (57, 6, 2700000, 1, '2013-10-08 17:19:34', '2020-05-20 16:11:22');
INSERT INTO duongshoe.sale (id, product_id, price, status, created_date, update_date) VALUES (58, 7, 2600000, 1, '2012-11-08 14:19:44', '2020-05-20 16:11:22');
INSERT INTO duongshoe.sale (id, product_id, price, status, created_date, update_date) VALUES (59, 9, 2200000, 1, '2017-04-12 18:23:18', '2020-05-20 16:11:22');
INSERT INTO duongshoe.sale (id, product_id, price, status, created_date, update_date) VALUES (60, 7, 2700000, 1, '2018-04-20 10:11:23', '2020-05-20 16:11:22');
INSERT INTO duongshoe.sale (id, product_id, price, status, created_date, update_date) VALUES (61, 3, 3000000, 1, '2014-11-16 11:49:21', '2020-05-20 16:11:22');
INSERT INTO duongshoe.sale (id, product_id, price, status, created_date, update_date) VALUES (62, 4, 2600000, 1, '2011-06-23 15:28:23', '2020-05-20 16:11:22');
INSERT INTO duongshoe.sale (id, product_id, price, status, created_date, update_date) VALUES (63, 10, 2100000, 1, '2017-08-14 16:46:14', '2020-05-20 16:11:22');
INSERT INTO duongshoe.sale (id, product_id, price, status, created_date, update_date) VALUES (64, 10, 2500000, 1, '2018-04-23 16:41:39', '2020-05-20 16:11:22');
INSERT INTO duongshoe.sale (id, product_id, price, status, created_date, update_date) VALUES (65, 5, 2100000, 1, '2011-02-09 19:38:26', '2020-05-20 16:11:22');
INSERT INTO duongshoe.sale (id, product_id, price, status, created_date, update_date) VALUES (66, 3, 2100000, 1, '2014-03-12 12:43:22', '2020-05-20 16:11:22');
INSERT INTO duongshoe.sale (id, product_id, price, status, created_date, update_date) VALUES (67, 4, 2300000, 1, '2010-09-21 19:18:24', '2020-05-20 16:11:22');
INSERT INTO duongshoe.sale (id, product_id, price, status, created_date, update_date) VALUES (68, 6, 2500000, 1, '2017-04-21 12:12:48', '2020-05-20 16:11:22');
INSERT INTO duongshoe.sale (id, product_id, price, status, created_date, update_date) VALUES (69, 7, 2000000, 1, '2016-03-11 18:42:24', '2020-05-20 16:11:22');
INSERT INTO duongshoe.sale (id, product_id, price, status, created_date, update_date) VALUES (70, 5, 2600000, 1, '2012-08-11 10:30:32', '2020-05-20 16:11:22');
INSERT INTO duongshoe.sale (id, product_id, price, status, created_date, update_date) VALUES (71, 9, 2100000, 1, '2012-01-26 15:35:23', '2020-05-20 16:11:22');
INSERT INTO duongshoe.sale (id, product_id, price, status, created_date, update_date) VALUES (72, 1, 2100000, 1, '2012-01-12 10:33:33', '2020-05-20 16:11:22');
INSERT INTO duongshoe.sale (id, product_id, price, status, created_date, update_date) VALUES (73, 8, 2500000, 1, '2017-04-24 13:15:34', '2020-05-20 16:11:22');
INSERT INTO duongshoe.sale (id, product_id, price, status, created_date, update_date) VALUES (74, 7, 2400000, 1, '2018-09-16 12:22:11', '2020-05-20 16:11:22');
INSERT INTO duongshoe.sale (id, product_id, price, status, created_date, update_date) VALUES (75, 3, 2600000, 1, '2010-01-08 18:41:14', '2020-05-20 16:11:22');
INSERT INTO duongshoe.sale (id, product_id, price, status, created_date, update_date) VALUES (76, 7, 2400000, 1, '2017-07-02 19:13:45', '2020-05-20 16:11:22');
INSERT INTO duongshoe.sale (id, product_id, price, status, created_date, update_date) VALUES (77, 9, 3000000, 1, '2011-01-27 11:21:30', '2020-05-20 16:11:22');
INSERT INTO duongshoe.sale (id, product_id, price, status, created_date, update_date) VALUES (78, 10, 3000000, 1, '2014-06-12 11:40:24', '2020-05-20 16:11:22');
INSERT INTO duongshoe.sale (id, product_id, price, status, created_date, update_date) VALUES (79, 4, 2400000, 1, '2010-01-25 13:21:43', '2020-05-20 16:11:22');
INSERT INTO duongshoe.sale (id, product_id, price, status, created_date, update_date) VALUES (80, 5, 2600000, 1, '2014-11-22 14:45:39', '2020-05-20 16:11:22');
INSERT INTO duongshoe.sale (id, product_id, price, status, created_date, update_date) VALUES (81, 8, 2600000, 1, '2014-11-26 14:47:18', '2020-05-20 16:11:22');
INSERT INTO duongshoe.sale (id, product_id, price, status, created_date, update_date) VALUES (82, 9, 2300000, 1, '2015-02-26 10:38:24', '2020-05-20 16:11:22');
INSERT INTO duongshoe.sale (id, product_id, price, status, created_date, update_date) VALUES (83, 3, 2300000, 1, '2013-03-28 10:11:29', '2020-05-20 16:11:22');
INSERT INTO duongshoe.sale (id, product_id, price, status, created_date, update_date) VALUES (84, 7, 2600000, 1, '2019-05-25 12:34:33', '2020-05-20 16:11:22');
INSERT INTO duongshoe.sale (id, product_id, price, status, created_date, update_date) VALUES (85, 6, 2800000, 1, '2012-03-09 17:14:25', '2020-05-20 16:11:22');
INSERT INTO duongshoe.sale (id, product_id, price, status, created_date, update_date) VALUES (86, 3, 2200000, 1, '2017-02-18 15:43:14', '2020-05-20 16:11:22');
INSERT INTO duongshoe.sale (id, product_id, price, status, created_date, update_date) VALUES (87, 7, 2400000, 1, '2019-01-05 10:46:11', '2020-05-20 16:11:22');
INSERT INTO duongshoe.sale (id, product_id, price, status, created_date, update_date) VALUES (88, 6, 2800000, 1, '2016-10-18 11:10:18', '2020-05-20 16:11:22');
INSERT INTO duongshoe.sale (id, product_id, price, status, created_date, update_date) VALUES (89, 2, 3000000, 1, '2016-11-25 17:49:26', '2020-05-20 16:11:22');
INSERT INTO duongshoe.sale (id, product_id, price, status, created_date, update_date) VALUES (90, 7, 2300000, 1, '2015-04-10 18:13:17', '2020-05-20 16:11:22');
INSERT INTO duongshoe.sale (id, product_id, price, status, created_date, update_date) VALUES (91, 8, 2500000, 1, '2011-02-11 15:23:49', '2020-05-20 16:11:22');
INSERT INTO duongshoe.sale (id, product_id, price, status, created_date, update_date) VALUES (92, 10, 2900000, 1, '2012-10-15 18:18:44', '2020-05-20 16:11:22');
INSERT INTO duongshoe.sale (id, product_id, price, status, created_date, update_date) VALUES (93, 1, 3000000, 1, '2011-11-23 12:39:17', '2020-05-20 16:11:22');
INSERT INTO duongshoe.sale (id, product_id, price, status, created_date, update_date) VALUES (94, 5, 2600000, 1, '2014-07-06 11:12:13', '2020-05-20 16:11:22');
INSERT INTO duongshoe.sale (id, product_id, price, status, created_date, update_date) VALUES (95, 8, 2600000, 1, '2017-02-14 16:26:37', '2020-05-20 16:11:22');
INSERT INTO duongshoe.sale (id, product_id, price, status, created_date, update_date) VALUES (96, 9, 2200000, 1, '2013-10-13 10:46:38', '2020-05-20 16:11:22');
INSERT INTO duongshoe.sale (id, product_id, price, status, created_date, update_date) VALUES (97, 3, 2300000, 1, '2010-09-20 15:19:38', '2020-05-20 16:11:22');
INSERT INTO duongshoe.sale (id, product_id, price, status, created_date, update_date) VALUES (98, 10, 2600000, 1, '2012-11-21 12:32:47', '2020-05-20 16:11:22');
INSERT INTO duongshoe.sale (id, product_id, price, status, created_date, update_date) VALUES (99, 8, 2500000, 1, '2014-02-09 13:23:24', '2020-05-20 16:11:22');
INSERT INTO duongshoe.sale (id, product_id, price, status, created_date, update_date) VALUES (100, 7, 2700000, 1, '2012-01-08 18:34:20', '2020-05-20 16:11:22');
INSERT INTO duongshoe.sale (id, product_id, price, status, created_date, update_date) VALUES (101, 2, 2600000, 1, '2019-06-21 18:27:12', '2020-05-20 16:11:22');
INSERT INTO duongshoe.sale (id, product_id, price, status, created_date, update_date) VALUES (102, 8, 2700000, 1, '2012-02-11 10:40:27', '2020-05-20 16:11:22');
INSERT INTO duongshoe.sale (id, product_id, price, status, created_date, update_date) VALUES (103, 6, 2500000, 1, '2011-10-15 18:41:15', '2020-05-20 16:11:22');
INSERT INTO duongshoe.sale (id, product_id, price, status, created_date, update_date) VALUES (104, 1, 2700000, 1, '2018-04-12 11:11:41', '2020-05-20 16:11:22');
INSERT INTO duongshoe.sale (id, product_id, price, status, created_date, update_date) VALUES (105, 9, 2700000, 1, '2015-08-07 10:36:44', '2020-05-20 16:11:22');
INSERT INTO duongshoe.sale (id, product_id, price, status, created_date, update_date) VALUES (106, 10, 2500000, 1, '2011-01-21 13:31:28', '2020-05-20 16:11:22');
INSERT INTO duongshoe.sale (id, product_id, price, status, created_date, update_date) VALUES (107, 6, 2200000, 1, '2016-04-26 14:23:24', '2020-05-20 16:11:22');
INSERT INTO duongshoe.sale (id, product_id, price, status, created_date, update_date) VALUES (108, 8, 2100000, 1, '2019-04-20 10:30:21', '2020-05-20 16:11:22');
INSERT INTO duongshoe.sale (id, product_id, price, status, created_date, update_date) VALUES (109, 4, 2200000, 1, '2014-11-24 12:12:14', '2020-05-20 16:11:22');
INSERT INTO duongshoe.sale (id, product_id, price, status, created_date, update_date) VALUES (110, 7, 2700000, 1, '2017-10-11 14:48:30', '2020-05-20 16:11:22');
INSERT INTO duongshoe.sale (id, product_id, price, status, created_date, update_date) VALUES (111, 1, 2000000, 1, '2010-08-19 13:12:41', '2020-05-20 16:11:22');
INSERT INTO duongshoe.sale (id, product_id, price, status, created_date, update_date) VALUES (112, 4, 2100000, 1, '2010-01-13 19:18:48', '2020-05-20 16:11:22');
INSERT INTO duongshoe.sale (id, product_id, price, status, created_date, update_date) VALUES (113, 2, 2400000, 1, '2017-07-04 11:21:49', '2020-05-20 16:11:22');
INSERT INTO duongshoe.sale (id, product_id, price, status, created_date, update_date) VALUES (114, 5, 2600000, 1, '2018-11-06 18:10:26', '2020-05-20 16:11:22');
INSERT INTO duongshoe.sale (id, product_id, price, status, created_date, update_date) VALUES (115, 5, 2600000, 1, '2016-04-18 15:44:20', '2020-05-20 16:11:22');
INSERT INTO duongshoe.sale (id, product_id, price, status, created_date, update_date) VALUES (116, 5, 2700000, 1, '2018-06-04 19:24:19', '2020-05-20 16:11:22');
INSERT INTO duongshoe.sale (id, product_id, price, status, created_date, update_date) VALUES (117, 1, 2700000, 1, '2010-02-25 19:18:17', '2020-05-20 16:11:22');
INSERT INTO duongshoe.sale (id, product_id, price, status, created_date, update_date) VALUES (118, 4, 2500000, 1, '2017-09-14 16:30:15', '2020-05-20 16:11:22');
INSERT INTO duongshoe.sale (id, product_id, price, status, created_date, update_date) VALUES (119, 7, 2600000, 1, '2019-11-10 11:45:22', '2020-05-20 16:11:22');
INSERT INTO duongshoe.sale (id, product_id, price, status, created_date, update_date) VALUES (120, 3, 3000000, 1, '2012-04-12 19:16:47', '2020-05-20 16:11:22');
INSERT INTO duongshoe.sale (id, product_id, price, status, created_date, update_date) VALUES (121, 6, 2100000, 1, '2014-08-03 14:41:47', '2020-05-20 16:11:22');
INSERT INTO duongshoe.sale (id, product_id, price, status, created_date, update_date) VALUES (122, 1, 2300000, 1, '2011-07-05 13:21:41', '2020-05-20 16:11:22');
INSERT INTO duongshoe.sale (id, product_id, price, status, created_date, update_date) VALUES (123, 7, 2400000, 1, '2013-10-10 18:23:30', '2020-05-20 16:11:22');
INSERT INTO duongshoe.sale (id, product_id, price, status, created_date, update_date) VALUES (124, 7, 2300000, 1, '2011-10-14 14:39:44', '2020-05-20 16:11:22');
INSERT INTO duongshoe.sale (id, product_id, price, status, created_date, update_date) VALUES (125, 1, 2300000, 1, '2018-07-16 16:13:38', '2020-05-20 16:11:22');
INSERT INTO duongshoe.sale (id, product_id, price, status, created_date, update_date) VALUES (126, 9, 2100000, 1, '2013-05-10 18:14:33', '2020-05-20 16:11:22');
INSERT INTO duongshoe.sale (id, product_id, price, status, created_date, update_date) VALUES (127, 3, 2400000, 1, '2010-05-24 16:49:11', '2020-05-20 16:11:22');
INSERT INTO duongshoe.sale (id, product_id, price, status, created_date, update_date) VALUES (128, 4, 2600000, 1, '2014-04-02 14:35:47', '2020-05-20 16:11:22');
INSERT INTO duongshoe.sale (id, product_id, price, status, created_date, update_date) VALUES (129, 8, 2100000, 1, '2015-07-11 18:38:41', '2020-05-20 16:11:22');
INSERT INTO duongshoe.sale (id, product_id, price, status, created_date, update_date) VALUES (130, 1, 2200000, 1, '2014-07-07 15:12:48', '2020-05-20 16:11:22');
INSERT INTO duongshoe.sale (id, product_id, price, status, created_date, update_date) VALUES (131, 2, 2000000, 1, '2014-01-06 15:49:38', '2020-05-20 16:11:22');
INSERT INTO duongshoe.sale (id, product_id, price, status, created_date, update_date) VALUES (132, 10, 2400000, 1, '2016-09-16 16:25:16', '2020-05-20 16:11:22');
INSERT INTO duongshoe.sale (id, product_id, price, status, created_date, update_date) VALUES (133, 1, 2500000, 1, '2014-10-14 15:48:41', '2020-05-20 16:11:22');
INSERT INTO duongshoe.sale (id, product_id, price, status, created_date, update_date) VALUES (134, 8, 2800000, 1, '2014-10-13 14:46:17', '2020-05-20 16:11:22');
INSERT INTO duongshoe.sale (id, product_id, price, status, created_date, update_date) VALUES (135, 8, 2600000, 1, '2015-10-26 19:23:46', '2020-05-20 16:11:22');
INSERT INTO duongshoe.sale (id, product_id, price, status, created_date, update_date) VALUES (136, 7, 2400000, 1, '2014-07-06 18:13:39', '2020-05-20 16:11:22');
INSERT INTO duongshoe.sale (id, product_id, price, status, created_date, update_date) VALUES (137, 8, 2100000, 1, '2015-07-07 14:12:28', '2020-05-20 16:11:22');
INSERT INTO duongshoe.sale (id, product_id, price, status, created_date, update_date) VALUES (138, 2, 2700000, 1, '2017-11-13 17:47:41', '2020-05-20 16:11:22');
INSERT INTO duongshoe.sale (id, product_id, price, status, created_date, update_date) VALUES (139, 5, 2700000, 1, '2010-07-26 16:14:25', '2020-05-20 16:11:22');
INSERT INTO duongshoe.sale (id, product_id, price, status, created_date, update_date) VALUES (140, 10, 2500000, 1, '2015-04-17 15:32:42', '2020-05-20 16:11:22');
INSERT INTO duongshoe.sale (id, product_id, price, status, created_date, update_date) VALUES (141, 2, 3000000, 1, '2013-09-05 12:46:17', '2020-05-20 16:11:22');
INSERT INTO duongshoe.sale (id, product_id, price, status, created_date, update_date) VALUES (142, 3, 2900000, 1, '2019-09-17 11:21:28', '2020-05-20 16:11:22');
INSERT INTO duongshoe.sale (id, product_id, price, status, created_date, update_date) VALUES (143, 7, 2100000, 1, '2014-05-26 10:48:31', '2020-05-20 16:11:22');
INSERT INTO duongshoe.sale (id, product_id, price, status, created_date, update_date) VALUES (144, 9, 2900000, 1, '2010-09-14 15:48:21', '2020-05-20 16:11:22');
INSERT INTO duongshoe.sale (id, product_id, price, status, created_date, update_date) VALUES (145, 5, 2900000, 1, '2019-07-21 19:27:23', '2020-05-20 16:11:22');
INSERT INTO duongshoe.sale (id, product_id, price, status, created_date, update_date) VALUES (146, 7, 2800000, 1, '2018-07-11 12:31:31', '2020-05-20 16:11:22');
INSERT INTO duongshoe.sale (id, product_id, price, status, created_date, update_date) VALUES (147, 10, 2900000, 1, '2019-05-23 10:28:27', '2020-05-20 16:11:22');
INSERT INTO duongshoe.sale (id, product_id, price, status, created_date, update_date) VALUES (148, 8, 2200000, 1, '2012-09-25 13:32:46', '2020-05-20 16:11:22');
INSERT INTO duongshoe.sale (id, product_id, price, status, created_date, update_date) VALUES (149, 4, 2200000, 1, '2013-06-09 12:38:13', '2020-05-20 16:11:22');
INSERT INTO duongshoe.sale (id, product_id, price, status, created_date, update_date) VALUES (150, 11, 2500000, 1, '2019-06-23 10:28:27', '2020-05-20 16:11:22');
INSERT INTO duongshoe.sale (id, product_id, price, status, created_date, update_date) VALUES (151, 11, 2700000, 1, '2019-07-23 10:28:27', '2020-05-20 16:11:22');
INSERT INTO duongshoe.sale (id, product_id, price, status, created_date, update_date) VALUES (152, 11, 2900000, 1, '2019-08-23 10:28:27', '2020-05-20 16:11:22');
INSERT INTO duongshoe.sale (id, product_id, price, status, created_date, update_date) VALUES (153, 2, 2600000, 1, '2016-03-12 13:21:18', '2020-05-20 16:42:55');
INSERT INTO duongshoe.sale (id, product_id, price, status, created_date, update_date) VALUES (154, 10, 2300000, 1, '2011-01-24 13:33:47', '2020-05-20 16:42:55');
INSERT INTO duongshoe.sale (id, product_id, price, status, created_date, update_date) VALUES (155, 7, 2200000, 1, '2016-04-02 14:13:10', '2020-05-20 16:42:55');
INSERT INTO duongshoe.sale (id, product_id, price, status, created_date, update_date) VALUES (156, 4, 2800000, 1, '2013-03-25 15:29:48', '2020-05-20 16:42:55');
INSERT INTO duongshoe.sale (id, product_id, price, status, created_date, update_date) VALUES (157, 1, 2400000, 1, '2014-01-18 12:10:15', '2020-05-20 16:42:55');
INSERT INTO duongshoe.sale (id, product_id, price, status, created_date, update_date) VALUES (158, 2, 2000000, 1, '2010-10-10 11:32:44', '2020-05-20 16:42:55');
INSERT INTO duongshoe.sale (id, product_id, price, status, created_date, update_date) VALUES (159, 5, 2200000, 1, '2014-06-24 11:15:17', '2020-05-20 16:42:55');
INSERT INTO duongshoe.sale (id, product_id, price, status, created_date, update_date) VALUES (160, 4, 3000000, 1, '2019-10-21 19:46:31', '2020-05-20 16:42:55');
INSERT INTO duongshoe.sale (id, product_id, price, status, created_date, update_date) VALUES (161, 8, 2200000, 1, '2013-02-11 16:45:21', '2020-05-20 16:42:55');
INSERT INTO duongshoe.sale (id, product_id, price, status, created_date, update_date) VALUES (162, 10, 2400000, 1, '2011-01-12 13:18:14', '2020-05-20 16:42:55');
INSERT INTO duongshoe.sale (id, product_id, price, status, created_date, update_date) VALUES (163, 10, 2800000, 1, '2010-08-10 18:33:21', '2020-05-20 16:42:55');
INSERT INTO duongshoe.sale (id, product_id, price, status, created_date, update_date) VALUES (164, 1, 2600000, 1, '2013-02-05 13:30:44', '2020-05-20 16:42:55');
INSERT INTO duongshoe.sale (id, product_id, price, status, created_date, update_date) VALUES (165, 2, 2500000, 1, '2015-07-15 11:17:30', '2020-05-20 16:42:55');
INSERT INTO duongshoe.sale (id, product_id, price, status, created_date, update_date) VALUES (166, 5, 2300000, 1, '2018-04-08 10:19:39', '2020-05-20 16:42:55');
INSERT INTO duongshoe.sale (id, product_id, price, status, created_date, update_date) VALUES (167, 3, 2400000, 1, '2011-07-18 10:22:36', '2020-05-20 16:42:55');
INSERT INTO duongshoe.sale (id, product_id, price, status, created_date, update_date) VALUES (168, 1, 2500000, 1, '2013-10-06 15:34:43', '2020-05-20 16:42:55');
INSERT INTO duongshoe.sale (id, product_id, price, status, created_date, update_date) VALUES (169, 9, 2600000, 1, '2015-10-02 12:40:21', '2020-05-20 16:42:55');
INSERT INTO duongshoe.sale (id, product_id, price, status, created_date, update_date) VALUES (170, 3, 2300000, 1, '2016-11-02 11:18:23', '2020-05-20 16:42:55');
INSERT INTO duongshoe.sale (id, product_id, price, status, created_date, update_date) VALUES (171, 4, 2600000, 1, '2015-05-11 15:32:39', '2020-05-20 16:42:55');
INSERT INTO duongshoe.sale (id, product_id, price, status, created_date, update_date) VALUES (172, 3, 2400000, 1, '2016-03-23 15:37:28', '2020-05-20 16:42:55');
INSERT INTO duongshoe.sale (id, product_id, price, status, created_date, update_date) VALUES (173, 7, 2800000, 1, '2017-11-14 15:42:36', '2020-05-20 16:42:55');
INSERT INTO duongshoe.sale (id, product_id, price, status, created_date, update_date) VALUES (174, 2, 2400000, 1, '2011-05-07 15:15:42', '2020-05-20 16:42:55');
INSERT INTO duongshoe.sale (id, product_id, price, status, created_date, update_date) VALUES (175, 10, 2500000, 1, '2018-10-15 14:41:47', '2020-05-20 16:42:55');
INSERT INTO duongshoe.sale (id, product_id, price, status, created_date, update_date) VALUES (176, 5, 2300000, 1, '2014-09-27 16:21:49', '2020-05-20 16:42:55');
INSERT INTO duongshoe.sale (id, product_id, price, status, created_date, update_date) VALUES (177, 9, 2400000, 1, '2017-11-12 16:21:40', '2020-05-20 16:42:55');
INSERT INTO duongshoe.sale (id, product_id, price, status, created_date, update_date) VALUES (178, 8, 2100000, 1, '2016-04-02 12:39:44', '2020-05-20 16:42:55');
INSERT INTO duongshoe.sale (id, product_id, price, status, created_date, update_date) VALUES (179, 7, 2900000, 1, '2014-03-19 10:35:40', '2020-05-20 16:42:55');
INSERT INTO duongshoe.sale (id, product_id, price, status, created_date, update_date) VALUES (180, 9, 2400000, 1, '2013-05-10 15:27:13', '2020-05-20 16:42:55');
INSERT INTO duongshoe.sale (id, product_id, price, status, created_date, update_date) VALUES (181, 1, 2000000, 1, '2016-04-03 14:49:49', '2020-05-20 16:42:55');
INSERT INTO duongshoe.sale (id, product_id, price, status, created_date, update_date) VALUES (182, 6, 2500000, 1, '2018-06-23 12:30:10', '2020-05-20 16:42:55');
INSERT INTO duongshoe.sale (id, product_id, price, status, created_date, update_date) VALUES (183, 6, 2300000, 1, '2017-09-07 12:40:26', '2020-05-20 16:42:55');
INSERT INTO duongshoe.sale (id, product_id, price, status, created_date, update_date) VALUES (184, 5, 2100000, 1, '2016-11-27 16:12:23', '2020-05-20 16:42:55');
INSERT INTO duongshoe.sale (id, product_id, price, status, created_date, update_date) VALUES (185, 4, 2500000, 1, '2019-11-05 19:13:22', '2020-05-20 16:42:55');
INSERT INTO duongshoe.sale (id, product_id, price, status, created_date, update_date) VALUES (186, 1, 2700000, 1, '2011-05-23 12:27:40', '2020-05-20 16:42:55');
INSERT INTO duongshoe.sale (id, product_id, price, status, created_date, update_date) VALUES (187, 7, 2500000, 1, '2014-10-17 16:25:48', '2020-05-20 16:42:55');
INSERT INTO duongshoe.sale (id, product_id, price, status, created_date, update_date) VALUES (188, 1, 2100000, 1, '2015-10-19 10:44:34', '2020-05-20 16:42:55');
INSERT INTO duongshoe.sale (id, product_id, price, status, created_date, update_date) VALUES (189, 3, 2600000, 1, '2018-10-03 18:27:45', '2020-05-20 16:42:55');
INSERT INTO duongshoe.sale (id, product_id, price, status, created_date, update_date) VALUES (190, 5, 2200000, 1, '2016-02-17 12:25:11', '2020-05-20 16:42:55');
INSERT INTO duongshoe.sale (id, product_id, price, status, created_date, update_date) VALUES (191, 1, 2600000, 1, '2018-04-13 11:48:25', '2020-05-20 16:42:55');
INSERT INTO duongshoe.sale (id, product_id, price, status, created_date, update_date) VALUES (192, 10, 2900000, 1, '2014-09-27 19:41:31', '2020-05-20 16:42:55');
INSERT INTO duongshoe.sale (id, product_id, price, status, created_date, update_date) VALUES (193, 6, 2200000, 1, '2015-09-04 11:21:15', '2020-05-20 16:42:55');
INSERT INTO duongshoe.sale (id, product_id, price, status, created_date, update_date) VALUES (194, 6, 2600000, 1, '2016-04-14 15:33:26', '2020-05-20 16:42:55');
INSERT INTO duongshoe.sale (id, product_id, price, status, created_date, update_date) VALUES (195, 3, 2700000, 1, '2014-08-18 17:25:11', '2020-05-20 16:42:55');
INSERT INTO duongshoe.sale (id, product_id, price, status, created_date, update_date) VALUES (196, 10, 2300000, 1, '2015-08-13 16:45:49', '2020-05-20 16:42:55');
INSERT INTO duongshoe.sale (id, product_id, price, status, created_date, update_date) VALUES (197, 3, 2400000, 1, '2010-01-06 18:18:25', '2020-05-20 16:42:55');
INSERT INTO duongshoe.sale (id, product_id, price, status, created_date, update_date) VALUES (198, 1, 2900000, 1, '2016-02-07 19:44:45', '2020-05-20 16:42:55');
INSERT INTO duongshoe.sale (id, product_id, price, status, created_date, update_date) VALUES (199, 8, 3000000, 1, '2013-10-13 10:27:23', '2020-05-20 16:42:55');
INSERT INTO duongshoe.sale (id, product_id, price, status, created_date, update_date) VALUES (200, 10, 2600000, 1, '2016-08-05 10:29:44', '2020-05-20 16:42:55');
INSERT INTO duongshoe.sale (id, product_id, price, status, created_date, update_date) VALUES (201, 8, 2400000, 1, '2019-09-22 11:32:46', '2020-05-20 16:42:55');
INSERT INTO duongshoe.sale (id, product_id, price, status, created_date, update_date) VALUES (202, 4, 2700000, 1, '2015-02-24 17:30:49', '2020-05-20 16:42:55');
INSERT INTO duongshoe.sale (id, product_id, price, status, created_date, update_date) VALUES (203, 9, 2700000, 1, '2015-08-19 15:31:16', '2020-05-20 16:42:55');
INSERT INTO duongshoe.sale (id, product_id, price, status, created_date, update_date) VALUES (204, 10, 2800000, 1, '2016-11-21 11:14:43', '2020-05-20 16:42:55');
INSERT INTO duongshoe.sale (id, product_id, price, status, created_date, update_date) VALUES (205, 8, 2400000, 1, '2017-06-19 10:39:10', '2020-05-20 16:42:55');
INSERT INTO duongshoe.sale (id, product_id, price, status, created_date, update_date) VALUES (206, 6, 2200000, 1, '2013-06-10 17:29:46', '2020-05-20 16:42:55');
INSERT INTO duongshoe.sale (id, product_id, price, status, created_date, update_date) VALUES (207, 7, 2200000, 1, '2016-11-24 10:42:36', '2020-05-20 16:42:55');
INSERT INTO duongshoe.sale (id, product_id, price, status, created_date, update_date) VALUES (208, 7, 2700000, 1, '2011-07-07 16:39:20', '2020-05-20 16:42:55');
INSERT INTO duongshoe.sale (id, product_id, price, status, created_date, update_date) VALUES (209, 4, 2900000, 1, '2018-06-22 10:23:41', '2020-05-20 16:42:55');
INSERT INTO duongshoe.sale (id, product_id, price, status, created_date, update_date) VALUES (210, 2, 2500000, 1, '2019-11-04 17:32:30', '2020-05-20 16:42:55');
INSERT INTO duongshoe.sale (id, product_id, price, status, created_date, update_date) VALUES (211, 10, 2900000, 1, '2016-11-23 12:20:36', '2020-05-20 16:42:55');
INSERT INTO duongshoe.sale (id, product_id, price, status, created_date, update_date) VALUES (212, 3, 2400000, 1, '2017-03-01 17:17:10', '2020-05-20 16:42:55');
INSERT INTO duongshoe.sale (id, product_id, price, status, created_date, update_date) VALUES (213, 2, 2700000, 1, '2013-08-08 19:31:21', '2020-05-20 16:42:55');
INSERT INTO duongshoe.sale (id, product_id, price, status, created_date, update_date) VALUES (214, 10, 2800000, 1, '2014-10-22 19:20:36', '2020-05-20 16:42:55');
INSERT INTO duongshoe.sale (id, product_id, price, status, created_date, update_date) VALUES (215, 2, 2900000, 1, '2017-08-04 15:29:48', '2020-05-20 16:42:55');
INSERT INTO duongshoe.sale (id, product_id, price, status, created_date, update_date) VALUES (216, 9, 2600000, 1, '2011-02-15 13:42:22', '2020-05-20 16:42:55');
INSERT INTO duongshoe.sale (id, product_id, price, status, created_date, update_date) VALUES (217, 5, 2000000, 1, '2018-01-12 14:26:21', '2020-05-20 16:42:55');
INSERT INTO duongshoe.sale (id, product_id, price, status, created_date, update_date) VALUES (218, 7, 3000000, 1, '2017-05-26 16:10:31', '2020-05-20 16:42:55');
INSERT INTO duongshoe.sale (id, product_id, price, status, created_date, update_date) VALUES (219, 4, 2700000, 1, '2019-06-15 16:16:35', '2020-05-20 16:42:55');
INSERT INTO duongshoe.sale (id, product_id, price, status, created_date, update_date) VALUES (220, 4, 2400000, 1, '2011-08-16 12:17:42', '2020-05-20 16:42:55');
INSERT INTO duongshoe.sale (id, product_id, price, status, created_date, update_date) VALUES (221, 1, 2400000, 1, '2014-11-04 15:24:19', '2020-05-20 16:42:55');
INSERT INTO duongshoe.sale (id, product_id, price, status, created_date, update_date) VALUES (222, 7, 2100000, 1, '2017-09-24 15:36:41', '2020-05-20 16:42:55');
INSERT INTO duongshoe.sale (id, product_id, price, status, created_date, update_date) VALUES (223, 3, 2100000, 1, '2011-06-11 19:46:30', '2020-05-20 16:42:55');
INSERT INTO duongshoe.sale (id, product_id, price, status, created_date, update_date) VALUES (224, 10, 2600000, 1, '2012-08-05 16:27:19', '2020-05-20 16:42:55');
INSERT INTO duongshoe.sale (id, product_id, price, status, created_date, update_date) VALUES (225, 4, 2200000, 1, '2011-03-16 12:30:38', '2020-05-20 16:42:55');
INSERT INTO duongshoe.sale (id, product_id, price, status, created_date, update_date) VALUES (226, 3, 2800000, 1, '2015-02-08 11:37:32', '2020-05-20 16:42:55');
INSERT INTO duongshoe.sale (id, product_id, price, status, created_date, update_date) VALUES (227, 1, 2600000, 1, '2018-05-22 12:33:15', '2020-05-20 16:42:55');
INSERT INTO duongshoe.sale (id, product_id, price, status, created_date, update_date) VALUES (228, 10, 2800000, 1, '2018-01-28 13:35:17', '2020-05-20 16:42:55');
INSERT INTO duongshoe.sale (id, product_id, price, status, created_date, update_date) VALUES (229, 6, 2300000, 1, '2010-07-23 16:11:45', '2020-05-20 16:42:55');
INSERT INTO duongshoe.sale (id, product_id, price, status, created_date, update_date) VALUES (230, 10, 2900000, 1, '2015-11-04 13:24:47', '2020-05-20 16:42:55');
INSERT INTO duongshoe.sale (id, product_id, price, status, created_date, update_date) VALUES (231, 9, 2000000, 1, '2012-04-21 17:11:33', '2020-05-20 16:42:55');
INSERT INTO duongshoe.sale (id, product_id, price, status, created_date, update_date) VALUES (232, 6, 2700000, 1, '2013-08-16 14:40:30', '2020-05-20 16:42:55');
INSERT INTO duongshoe.sale (id, product_id, price, status, created_date, update_date) VALUES (233, 7, 2400000, 1, '2012-04-14 14:47:21', '2020-05-20 16:42:55');
INSERT INTO duongshoe.sale (id, product_id, price, status, created_date, update_date) VALUES (234, 7, 2900000, 1, '2016-08-08 12:32:34', '2020-05-20 16:42:55');
INSERT INTO duongshoe.sale (id, product_id, price, status, created_date, update_date) VALUES (235, 4, 2100000, 1, '2019-06-19 13:11:23', '2020-05-20 16:42:55');
INSERT INTO duongshoe.sale (id, product_id, price, status, created_date, update_date) VALUES (236, 7, 2300000, 1, '2010-11-22 11:40:49', '2020-05-20 16:42:55');
INSERT INTO duongshoe.sale (id, product_id, price, status, created_date, update_date) VALUES (237, 2, 2000000, 1, '2013-04-22 16:41:41', '2020-05-20 16:42:55');
INSERT INTO duongshoe.sale (id, product_id, price, status, created_date, update_date) VALUES (238, 5, 2400000, 1, '2016-01-11 15:30:36', '2020-05-20 16:42:55');
INSERT INTO duongshoe.sale (id, product_id, price, status, created_date, update_date) VALUES (239, 3, 2600000, 1, '2016-04-20 19:35:49', '2020-05-20 16:42:55');
INSERT INTO duongshoe.sale (id, product_id, price, status, created_date, update_date) VALUES (240, 4, 2500000, 1, '2011-01-19 18:49:30', '2020-05-20 16:42:55');
INSERT INTO duongshoe.sale (id, product_id, price, status, created_date, update_date) VALUES (241, 5, 2700000, 1, '2014-04-01 12:45:39', '2020-05-20 16:42:55');
INSERT INTO duongshoe.sale (id, product_id, price, status, created_date, update_date) VALUES (242, 7, 2600000, 1, '2014-04-03 10:33:14', '2020-05-20 16:42:55');
INSERT INTO duongshoe.sale (id, product_id, price, status, created_date, update_date) VALUES (243, 4, 2800000, 1, '2015-07-08 18:31:41', '2020-05-20 16:42:55');
INSERT INTO duongshoe.sale (id, product_id, price, status, created_date, update_date) VALUES (244, 1, 2100000, 1, '2015-02-18 19:40:43', '2020-05-20 16:42:55');
INSERT INTO duongshoe.sale (id, product_id, price, status, created_date, update_date) VALUES (245, 9, 2300000, 1, '2015-05-05 15:47:35', '2020-05-20 16:42:55');
INSERT INTO duongshoe.sale (id, product_id, price, status, created_date, update_date) VALUES (246, 7, 3000000, 1, '2018-02-13 13:15:29', '2020-05-20 16:42:55');
INSERT INTO duongshoe.sale (id, product_id, price, status, created_date, update_date) VALUES (247, 2, 2300000, 1, '2011-09-02 15:37:14', '2020-05-20 16:42:55');
INSERT INTO duongshoe.sale (id, product_id, price, status, created_date, update_date) VALUES (248, 6, 2300000, 1, '2014-04-22 16:42:40', '2020-05-20 16:42:55');
INSERT INTO duongshoe.sale (id, product_id, price, status, created_date, update_date) VALUES (249, 2, 2900000, 1, '2015-09-22 12:32:36', '2020-05-20 16:42:55');
INSERT INTO duongshoe.sale (id, product_id, price, status, created_date, update_date) VALUES (250, 1, 2300000, 1, '2011-02-20 17:25:48', '2020-05-20 16:42:55');
INSERT INTO duongshoe.sale (id, product_id, price, status, created_date, update_date) VALUES (251, 4, 2500000, 1, '2015-04-23 15:30:15', '2020-05-20 16:42:55');
INSERT INTO duongshoe.sale (id, product_id, price, status, created_date, update_date) VALUES (252, 3, 2800000, 1, '2016-02-28 13:15:44', '2020-05-20 16:42:55');
INSERT INTO duongshoe.sale (id, product_id, price, status, created_date, update_date) VALUES (253, 3, 3000000, 1, '2012-08-26 18:44:36', '2020-05-20 16:42:55');
INSERT INTO duongshoe.sale (id, product_id, price, status, created_date, update_date) VALUES (254, 10, 2700000, 1, '2018-06-19 10:44:20', '2020-05-20 16:42:55');
INSERT INTO duongshoe.sale (id, product_id, price, status, created_date, update_date) VALUES (255, 2, 2100000, 1, '2014-05-15 11:30:12', '2020-05-20 16:42:55');
INSERT INTO duongshoe.sale (id, product_id, price, status, created_date, update_date) VALUES (256, 5, 2900000, 1, '2019-09-14 17:47:31', '2020-05-20 16:42:55');
INSERT INTO duongshoe.sale (id, product_id, price, status, created_date, update_date) VALUES (257, 5, 2200000, 1, '2011-06-11 12:13:21', '2020-05-20 16:42:55');
INSERT INTO duongshoe.sale (id, product_id, price, status, created_date, update_date) VALUES (258, 10, 2300000, 1, '2012-05-02 12:11:29', '2020-05-20 16:42:55');
INSERT INTO duongshoe.sale (id, product_id, price, status, created_date, update_date) VALUES (259, 4, 2200000, 1, '2010-08-10 15:29:13', '2020-05-20 16:42:55');
INSERT INTO duongshoe.sale (id, product_id, price, status, created_date, update_date) VALUES (260, 2, 2700000, 1, '2012-05-19 17:20:41', '2020-05-20 16:42:55');
INSERT INTO duongshoe.sale (id, product_id, price, status, created_date, update_date) VALUES (261, 5, 2600000, 1, '2019-10-01 16:23:31', '2020-05-20 16:42:55');
INSERT INTO duongshoe.sale (id, product_id, price, status, created_date, update_date) VALUES (262, 3, 2300000, 1, '2014-09-22 16:49:36', '2020-05-20 16:42:55');
INSERT INTO duongshoe.sale (id, product_id, price, status, created_date, update_date) VALUES (263, 5, 2900000, 1, '2012-08-28 17:34:37', '2020-05-20 16:42:55');
INSERT INTO duongshoe.sale (id, product_id, price, status, created_date, update_date) VALUES (264, 6, 2300000, 1, '2016-08-19 10:30:30', '2020-05-20 16:42:55');
INSERT INTO duongshoe.sale (id, product_id, price, status, created_date, update_date) VALUES (265, 9, 2300000, 1, '2016-11-02 10:17:21', '2020-05-20 16:42:55');
INSERT INTO duongshoe.sale (id, product_id, price, status, created_date, update_date) VALUES (266, 6, 2200000, 1, '2014-03-01 16:36:15', '2020-05-20 16:42:55');
INSERT INTO duongshoe.sale (id, product_id, price, status, created_date, update_date) VALUES (267, 5, 2600000, 1, '2016-08-08 18:23:24', '2020-05-20 16:42:55');
INSERT INTO duongshoe.sale (id, product_id, price, status, created_date, update_date) VALUES (268, 6, 2400000, 1, '2017-09-17 13:13:36', '2020-05-20 16:42:55');
INSERT INTO duongshoe.sale (id, product_id, price, status, created_date, update_date) VALUES (269, 5, 2700000, 1, '2010-04-12 10:36:14', '2020-05-20 16:42:55');
INSERT INTO duongshoe.sale (id, product_id, price, status, created_date, update_date) VALUES (270, 6, 2400000, 1, '2012-04-13 10:46:41', '2020-05-20 16:42:55');
INSERT INTO duongshoe.sale (id, product_id, price, status, created_date, update_date) VALUES (271, 7, 2100000, 1, '2018-05-24 15:39:41', '2020-05-20 16:42:55');
INSERT INTO duongshoe.sale (id, product_id, price, status, created_date, update_date) VALUES (272, 5, 2700000, 1, '2014-09-09 13:16:26', '2020-05-20 16:42:55');
INSERT INTO duongshoe.sale (id, product_id, price, status, created_date, update_date) VALUES (273, 2, 2400000, 1, '2013-07-02 17:10:48', '2020-05-20 16:42:55');
INSERT INTO duongshoe.sale (id, product_id, price, status, created_date, update_date) VALUES (274, 5, 2600000, 1, '2019-02-17 18:20:22', '2020-05-20 16:42:55');
INSERT INTO duongshoe.sale (id, product_id, price, status, created_date, update_date) VALUES (275, 1, 2100000, 1, '2013-06-15 19:41:33', '2020-05-20 16:42:55');
INSERT INTO duongshoe.sale (id, product_id, price, status, created_date, update_date) VALUES (276, 4, 2100000, 1, '2014-06-12 11:27:22', '2020-05-20 16:42:55');
INSERT INTO duongshoe.sale (id, product_id, price, status, created_date, update_date) VALUES (277, 10, 2500000, 1, '2019-11-02 14:30:16', '2020-05-20 16:42:55');
INSERT INTO duongshoe.sale (id, product_id, price, status, created_date, update_date) VALUES (278, 10, 2100000, 1, '2019-02-22 19:25:42', '2020-05-20 16:42:55');
INSERT INTO duongshoe.sale (id, product_id, price, status, created_date, update_date) VALUES (279, 7, 2700000, 1, '2011-01-07 16:39:17', '2020-05-20 16:42:55');
INSERT INTO duongshoe.sale (id, product_id, price, status, created_date, update_date) VALUES (280, 9, 2900000, 1, '2016-05-22 13:23:35', '2020-05-20 16:42:55');
INSERT INTO duongshoe.sale (id, product_id, price, status, created_date, update_date) VALUES (281, 6, 2800000, 1, '2010-03-14 14:43:15', '2020-05-20 16:42:55');
INSERT INTO duongshoe.sale (id, product_id, price, status, created_date, update_date) VALUES (282, 1, 2700000, 1, '2011-07-09 15:12:22', '2020-05-20 16:42:55');
INSERT INTO duongshoe.sale (id, product_id, price, status, created_date, update_date) VALUES (283, 5, 2400000, 1, '2019-08-22 13:14:48', '2020-05-20 16:42:55');
INSERT INTO duongshoe.sale (id, product_id, price, status, created_date, update_date) VALUES (284, 4, 2300000, 1, '2016-02-22 19:12:28', '2020-05-20 16:42:55');
INSERT INTO duongshoe.sale (id, product_id, price, status, created_date, update_date) VALUES (285, 4, 2900000, 1, '2014-04-14 19:19:22', '2020-05-20 16:42:55');
INSERT INTO duongshoe.sale (id, product_id, price, status, created_date, update_date) VALUES (286, 5, 2500000, 1, '2010-04-17 17:12:40', '2020-05-20 16:42:55');
INSERT INTO duongshoe.sale (id, product_id, price, status, created_date, update_date) VALUES (287, 8, 2100000, 1, '2015-09-03 15:36:31', '2020-05-20 16:42:55');
INSERT INTO duongshoe.sale (id, product_id, price, status, created_date, update_date) VALUES (288, 1, 2400000, 1, '2014-04-01 15:25:41', '2020-05-20 16:42:55');
INSERT INTO duongshoe.sale (id, product_id, price, status, created_date, update_date) VALUES (289, 4, 2700000, 1, '2018-05-22 11:46:25', '2020-05-20 16:42:55');
INSERT INTO duongshoe.sale (id, product_id, price, status, created_date, update_date) VALUES (290, 10, 2000000, 1, '2011-04-25 18:30:30', '2020-05-20 16:42:55');
INSERT INTO duongshoe.sale (id, product_id, price, status, created_date, update_date) VALUES (291, 8, 2300000, 1, '2012-05-02 15:17:32', '2020-05-20 16:42:55');
INSERT INTO duongshoe.sale (id, product_id, price, status, created_date, update_date) VALUES (292, 6, 2200000, 1, '2012-03-25 13:11:12', '2020-05-20 16:42:55');
INSERT INTO duongshoe.sale (id, product_id, price, status, created_date, update_date) VALUES (293, 4, 2500000, 1, '2014-04-18 17:12:33', '2020-05-20 16:42:55');
INSERT INTO duongshoe.sale (id, product_id, price, status, created_date, update_date) VALUES (294, 3, 2300000, 1, '2015-06-24 19:21:13', '2020-05-20 16:42:55');
INSERT INTO duongshoe.sale (id, product_id, price, status, created_date, update_date) VALUES (295, 8, 2400000, 1, '2011-06-17 14:19:15', '2020-05-20 16:42:55');
INSERT INTO duongshoe.sale (id, product_id, price, status, created_date, update_date) VALUES (296, 10, 2800000, 1, '2016-08-26 17:43:48', '2020-05-20 16:42:55');
INSERT INTO duongshoe.sale (id, product_id, price, status, created_date, update_date) VALUES (297, 2, 2200000, 1, '2018-06-19 15:33:27', '2020-05-20 16:42:55');
INSERT INTO duongshoe.sale (id, product_id, price, status, created_date, update_date) VALUES (298, 1, 2200000, 1, '2017-01-24 17:48:36', '2020-05-20 16:42:55');
INSERT INTO duongshoe.sale (id, product_id, price, status, created_date, update_date) VALUES (299, 9, 2800000, 1, '2016-01-26 15:25:41', '2020-05-20 16:42:55');
INSERT INTO duongshoe.sale (id, product_id, price, status, created_date, update_date) VALUES (300, 9, 2500000, 1, '2012-07-28 13:41:23', '2020-05-20 16:42:55');
INSERT INTO duongshoe.sale (id, product_id, price, status, created_date, update_date) VALUES (301, 8, 2500000, 1, '2014-07-17 18:44:29', '2020-05-20 16:42:55');
INSERT INTO duongshoe.size (id, size, status, create_date, update_date) VALUES (1, 36, 1, '2020-05-19 14:19:01', '2020-05-19 14:19:01');
INSERT INTO duongshoe.size (id, size, status, create_date, update_date) VALUES (2, 37, 1, '2020-05-19 14:19:01', '2020-05-19 14:19:01');
INSERT INTO duongshoe.size (id, size, status, create_date, update_date) VALUES (3, 38, 1, '2020-05-19 14:19:01', '2020-05-19 14:19:01');
INSERT INTO duongshoe.size (id, size, status, create_date, update_date) VALUES (4, 39, 1, '2020-05-19 14:19:01', '2020-05-19 14:19:01');
INSERT INTO duongshoe.size (id, size, status, create_date, update_date) VALUES (5, 40, 1, '2020-05-19 14:19:01', '2020-05-19 14:19:01');
INSERT INTO duongshoe.size (id, size, status, create_date, update_date) VALUES (6, 41, 1, '2020-05-19 14:19:01', '2020-05-19 14:19:01');
INSERT INTO duongshoe.size (id, size, status, create_date, update_date) VALUES (7, 42, 1, '2020-05-19 14:19:01', '2020-05-19 14:19:01');
INSERT INTO duongshoe.size (id, size, status, create_date, update_date) VALUES (8, 43, 1, '2020-05-19 14:19:01', '2020-05-19 14:19:01');
INSERT INTO duongshoe.size (id, size, status, create_date, update_date) VALUES (9, 44, 0, '2020-05-19 14:19:01', '2020-05-19 14:19:01');
INSERT INTO duongshoe.size (id, size, status, create_date, update_date) VALUES (10, 45, 0, '2020-05-19 14:19:01', '2020-05-19 14:19:01');
INSERT INTO duongshoe.user (id, role_id, first_name, last_name, gender, date_of_birth, phone, address, email, username, password, status, created_date, update_date) VALUES (1, 1, 'Đại Dương', 'Vũ', true, '1990-01-01', '0981111111', 'Hà Nội', 'daiduong@gmail.com', 'daiduong', '123456', 1, '2020-05-17 17:28:57', '2020-05-19 14:37:11');
INSERT INTO duongshoe.user (id, role_id, first_name, last_name, gender, date_of_birth, phone, address, email, username, password, status, created_date, update_date) VALUES (2, 1, 'Văn Đức', 'Nguyễn', true, '1990-02-02', '0982222222', 'Hà Nội', 'vanduc@gmail.com', 'vanduc', '123456', 1, '2020-05-17 17:28:57', '2020-05-19 14:37:11');
INSERT INTO duongshoe.user (id, role_id, first_name, last_name, gender, date_of_birth, phone, address, email, username, password, status, created_date, update_date) VALUES (3, 1, 'Đức Thuận', 'Nguyễn', true, '1990-03-03', '0983333333', 'Hà Nội', 'ducthuan@gmail.com', 'ducthuan', '123456', 1, '2020-05-17 17:28:57', '2020-05-19 14:37:11');
INSERT INTO duongshoe.user (id, role_id, first_name, last_name, gender, date_of_birth, phone, address, email, username, password, status, created_date, update_date) VALUES (4, 3, 'Huy', 'Hay Ho', true, '1990-04-04', '0984444444', 'Hà Nội', 'huy@gmail.com', 'huyhayho', '123456', 1, '2020-05-17 17:28:57', '2020-05-19 14:37:11');
INSERT INTO duongshoe.user (id, role_id, first_name, last_name, gender, date_of_birth, phone, address, email, username, password, status, created_date, update_date) VALUES (5, 2, 'Admin', 'Đức', true, '1990-02-02', '0982222222', 'Hà Nội', 'vanduc@gmail.com', 'admin', '123456', 1, '2020-05-17 17:28:57', '2020-05-19 14:37:11');
INSERT INTO duongshoe.user (id, role_id, first_name, last_name, gender, date_of_birth, phone, address, email, username, password, status, created_date, update_date) VALUES (6, 1, 'VÅ©', 'Äáº¡i DÆ°Æ¡ng', true, '2020-05-21', '0134654987', 'asd', 'daiduongutc97@gmail.com', 'daiduongutc', '123456', -1, '2020-05-21 08:58:20', '2020-05-21 08:58:47');
INSERT INTO duongshoe.user (id, role_id, first_name, last_name, gender, date_of_birth, phone, address, email, username, password, status, created_date, update_date) VALUES (7, 1, 'VÅ©', 'Äáº¡i DÆ°Æ¡ng', true, '2020-05-21', '0123456789', 'asd', 'daiduongutc97@gmail.com', 'daiduongutc', '123465', -1, '2020-05-21 08:59:56', '2020-05-21 09:00:11');